Date, Close 
30/06/15,"45,053.70"
29/06/15,"44,710.35"
26/06/15,"45,566.33"
25/06/15,"45,377.12"
24/06/15,"45,424.94"
23/06/15,"45,454.15"
22/06/15,"45,224.98"
19/06/15,"44,973.41"
18/06/15,"45,120.79"
17/06/15,"44,792.04"
16/06/15,"44,722.28"
15/06/15,"44,395.76"
12/06/15,"44,692.50"
11/06/15,"44,624.74"
10/06/15,"44,578.28"
09/06/15,"44,519.21"
08/06/15,"44,544.05"
05/06/15,"44,561.94"
04/06/15,"44,561.11"
03/06/15,"44,732.72"
02/06/15,"44,931.48"
01/06/15,"44,760.10"
29/05/15,"44,703.62"
28/05/15,"44,807.31"
27/05/15,"44,682.59"
26/05/15,"44,401.40"
25/05/15,"44,852.29"
22/05/15,"44,874.04"
21/05/15,"45,097.39"
20/05/15,"45,283.47"
19/05/15,"45,311.75"
18/05/15,"45,408.34"
15/05/15,"45,332.80"
14/05/15,"45,271.46"
13/05/15,"45,038.14"
12/05/15,"44,950.49"
11/05/15,"45,179.97"
08/05/15,"45,125.95"
07/05/15,"44,768.80"
06/05/15,"44,853.26"
05/05/15,"45,091.33"
04/05/15,"45,238.47"
01/05/15,"44,582.39"
30/04/15,"44,582.39"
29/04/15,"44,942.23"
28/04/15,"45,338.36"
27/04/15,"45,512.38"
24/04/15,"45,773.31"
23/04/15,"45,418.83"
22/04/15,"45,232.04"
21/04/15,"45,296.91"
20/04/15,"45,077.81"
17/04/15,"45,012.37"
16/04/15,"45,480.23"
15/04/15,"45,262.94"
14/04/15,"45,004.52"
13/04/15,"44,994.56"
10/04/15,"44,882.01"
09/04/15,"44,913.27"
08/04/15,"44,980.56"
07/04/15,"44,987.87"
06/04/15,"44,850.06"
02/04/15,"44,202.94"
01/04/15,"44,202.94"
31/03/15,"43,724.78"
30/03/15,"43,922.83"
27/03/15,"43,637.97"
26/03/15,"43,229.16"
25/03/15,"43,630.96"
24/03/15,"44,051.21"
23/03/15,"43,952.71"
20/03/15,"43,968.15"
19/03/15,"44,118.17"
18/03/15,"44,360.87"
17/03/15,"43,761.36"
16/03/15,"44,002.29"
13/03/15,"44,002.29"
12/03/15,"44,055.89"
11/03/15,"43,227.20"
10/03/15,"42,972.15"
09/03/15,"43,251.40"
06/03/15,"43,280.81"
05/03/15,"43,517.79"
04/03/15,"43,296.55"
03/03/15,"43,600.37"
02/03/15,"43,882.71"
27/02/15,"44,190.17"
26/02/15,"44,416.49"
25/02/15,"43,802.07"
24/02/15,"43,921.55"
23/02/15,"43,675.87"
20/02/15,"43,551.26"
19/02/15,"43,231.42"
18/02/15,"43,053.65"
17/02/15,"43,251.79"
16/02/15,"42,959.56"
13/02/15,"43,072.42"
12/02/15,"43,045.51"
11/02/15,"41,933.26"
10/02/15,"42,635.19"
09/02/15,"42,810.29"
06/02/15,"42,715.43"
05/02/15,"42,453.64"
04/02/15,"41,710.82"
03/02/15,"41,572.24"
02/02/15,"40,950.58"
30/01/15,"40,950.58"
29/01/15,"41,862.33"
28/01/15,"42,158.07"
27/01/15,"42,627.82"
26/01/15,"42,737.85"
23/01/15,"42,649.72"
22/01/15,"43,121.28"
21/01/15,"42,488.73"
20/01/15,"41,752.67"
19/01/15,"41,285.58"
16/01/15,"41,402.01"
15/01/15,"40,998.77"
14/01/15,"40,984.22"
13/01/15,"41,478.26"
12/01/15,"41,780.78"
09/01/15,"42,382.41"
08/01/15,"42,402.31"
07/01/15,"41,813.93"
06/01/15,"41,329.41"
05/01/15,"41,099.37"
02/01/15,"42,115.47"
31/12/14,"43,145.66"
30/12/14,"43,018.75"
29/12/14,"43,187.64"
19/12/14,"42,529.89"
18/12/14,"42,475.67"
17/12/14,"41,004.44"
16/12/14,"40,225.08"
15/12/14,"40,334.59"
11/12/14,"41,714.57"
10/12/14,"41,372.66"
09/12/14,"42,339.63"
08/12/14,"42,941.83"
05/12/14,"43,230.34"
04/12/14,"42,816.15"
03/12/14,"43,112.29"
02/12/14,"43,008.07"
01/12/14,"43,392.07"
28/11/14,"44,190.47"
27/11/14,"44,689.21"
26/11/14,"44,672.20"
25/11/14,"44,441.02"
24/11/14,"44,621.07"
21/11/14,"44,633.28"
20/11/14,"44,209.42"
19/11/14,"44,118.13"
18/11/14,"43,491.45"
14/11/14,"43,372.01"
13/11/14,"43,743.80"
12/11/14,"43,744.57"
11/11/14,"44,300.83"
10/11/14,"44,523.00"
07/11/14,"44,614.66"
06/11/14,"44,849.86"
05/11/14,"45,071.98"
04/11/14,"44,884.43"
03/11/14,"45,184.76"
31/10/14,"45,027.52"
30/10/14,"44,599.27"
29/10/14,"44,238.94"
28/10/14,"44,039.64"
27/10/14,"43,810.51"
24/10/14,"43,665.54"
23/10/14,"43,691.06"
22/10/14,"43,450.75"
21/10/14,"43,630.58"
20/10/14,"43,213.90"
17/10/14,"43,273.50"
16/10/14,"42,907.62"
15/10/14,"42,984.95"
14/10/14,"43,179.85"
13/10/14,"43,088.67"
10/10/14,"43,435.73"
09/10/14,"44,082.17"
08/10/14,"44,487.97"
07/10/14,"44,536.62"
06/10/14,"44,820.85"
03/10/14,"44,678.14"
02/10/14,"44,254.43"
01/10/14,"44,364.96"
30/09/14,"44,985.66"
29/09/14,"44,898.19"
26/09/14,"44,884.33"
25/09/14,"44,781.12"
24/09/14,"45,116.94"
23/09/14,"45,015.17"
22/09/14,"45,302.00"
19/09/14,"45,761.90"
18/09/14,"46,168.64"
17/09/14,"46,043.62"
15/09/14,"45,861.84"
12/09/14,"45,799.70"
11/09/14,"45,672.60"
10/09/14,"45,894.05"
09/09/14,"45,915.17"
08/09/14,"46,357.24"
05/09/14,"46,231.44"
04/09/14,"46,313.40"
03/09/14,"46,049.33"
02/09/14,"45,825.06"
01/09/14,"45,438.04"
29/08/14,"45,628.09"
28/08/14,"45,501.28"
27/08/14,"45,601.00"
26/08/14,"45,464.75"
25/08/14,"45,504.34"
22/08/14,"45,374.99"
21/08/14,"45,410.36"
20/08/14,"45,248.05"
19/08/14,"44,962.88"
18/08/14,"44,854.81"
15/08/14,"44,629.33"
14/08/14,"44,793.02"
13/08/14,"44,723.96"
12/08/14,"44,734.04"
11/08/14,"44,679.16"
08/08/14,"44,105.95"
07/08/14,"44,116.15"
06/08/14,"44,425.77"
05/08/14,"44,481.68"
04/08/14,"44,594.66"
01/08/14,"43,986.11"
31/07/14,"43,817.69"
30/07/14,"44,311.06"
29/07/14,"44,481.29"
28/07/14,"44,544.97"
25/07/14,"44,386.62"
24/07/14,"44,420.38"
23/07/14,"44,199.01"
22/07/14,"44,257.09"
21/07/14,"44,125.73"
18/07/14,"44,278.90"
17/07/14,"43,920.76"
16/07/14,"44,009.23"
15/07/14,"43,960.43"
14/07/14,"43,967.44"
11/07/14,"43,481.83"
10/07/14,"43,474.29"
09/07/14,"43,686.75"
08/07/14,"43,403.43"
07/07/14,"43,452.55"
04/07/14,"43,518.06"
03/07/14,"43,660.70"
02/07/14,"43,279.48"
01/07/14,"42,872.84"
30/06/14,"42,737.17"
27/06/14,"42,493.86"
26/06/14,"42,613.80"
25/06/14,"42,854.19"
24/06/14,"42,884.76"
23/06/14,"42,916.73"
20/06/14,"42,865.72"
19/06/14,"42,957.36"
18/06/14,"42,802.60"
17/06/14,"42,612.64"
16/06/14,"42,596.25"
13/06/14,"42,485.66"
12/06/14,"42,617.62"
11/06/14,"42,944.81"
10/06/14,"43,045.27"
09/06/14,"43,009.99"
06/06/14,"42,778.26"
05/06/14,"42,173.03"
04/06/14,"41,953.30"
03/06/14,"42,126.09"
02/06/14,"41,936.71"
30/05/14,"41,362.51"
29/05/14,"42,009.92"
28/05/14,"41,960.45"
27/05/14,"41,958.97"
26/05/14,"42,004.58"
23/05/14,"41,917.92"
22/05/14,"41,943.96"
21/05/14,"41,828.98"
20/05/14,"41,805.10"
19/05/14,"41,840.05"
16/05/14,"41,898.84"
15/05/14,"41,561.83"
14/05/14,"42,144.51"
13/05/14,"42,236.83"
12/05/14,"42,086.17"
09/05/14,"41,641.11"
08/05/14,"41,659.91"
07/05/14,"41,803.13"
06/05/14,"41,470.82"
05/05/14,"41,047.88"
02/05/14,"40,967.95"
30/04/14,"40,711.56"
29/04/14,"40,702.67"
28/04/14,"40,136.57"
25/04/14,"40,198.40"
24/04/14,"40,407.93"
23/04/14,"40,296.98"
22/04/14,"40,468.20"
21/04/14,"40,654.07"
16/04/14,"40,890.53"
15/04/14,"40,481.80"
14/04/14,"40,530.69"
11/04/14,"40,380.79"
10/04/14,"40,447.96"
09/04/14,"40,937.77"
08/04/14,"40,906.83"
07/04/14,"40,595.70"
04/04/14,"40,598.34"
03/04/14,"40,563.06"
02/04/14,"40,900.53"
01/04/14,"40,470.01"
31/03/14,"40,461.60"
28/03/14,"40,048.20"
27/03/14,"39,911.01"
26/03/14,"39,761.30"
25/03/14,"39,793.02"
24/03/14,"39,821.71"
21/03/14,"40,021.73"
20/03/14,"39,616.19"
19/03/14,"38,811.94"
18/03/14,"38,814.69"
14/03/14,"37,950.97"
13/03/14,"38,037.50"
12/03/14,"38,634.83"
11/03/14,"38,689.57"
10/03/14,"38,671.01"
07/03/14,"38,913.04"
06/03/14,"39,176.30"
05/03/14,"39,021.07"
04/03/14,"39,084.36"
03/03/14,"38,534.82"
28/02/14,"38,782.89"
27/02/14,"38,912.93"
26/02/14,"38,605.62"
25/02/14,"39,023.65"
24/02/14,"39,792.71"
21/02/14,"39,724.58"
20/02/14,"39,654.23"
19/02/14,"40,006.42"
18/02/14,"40,421.86"
17/02/14,"40,735.48"
14/02/14,"40,710.89"
13/02/14,"40,308.96"
12/02/14,"40,690.06"
11/02/14,"40,759.62"
10/02/14,"40,116.36"
07/02/14,"40,525.74"
06/02/14,"40,288.78"
05/02/14,"39,880.87"
04/02/14,"40,085.52"
31/01/14,"40,879.75"
30/01/14,"41,008.30"
29/01/14,"40,689.90"
28/01/14,"40,660.93"
27/01/14,"40,863.41"
24/01/14,"40,979.80"
23/01/14,"41,531.80"
22/01/14,"42,062.82"
21/01/14,"41,838.63"
20/01/14,"41,976.37"
17/01/14,"41,911.31"
16/01/14,"42,172.73"
15/01/14,"42,511.25"
14/01/14,"42,439.79"
13/01/14,"42,158.62"
10/01/14,"42,458.51"
09/01/14,"41,585.54"
08/01/14,"41,515.49"
07/01/14,"41,778.60"
06/01/14,"41,525.95"
03/01/14,"42,064.97"
02/01/14,"42,188.45"
31/12/13,"42,727.09"
30/12/13,"42,958.82"
27/12/13,"42,753.22"
26/12/13,"42,540.32"
24/12/13,"42,585.66"
23/12/13,"42,508.03"
20/12/13,"42,183.77"
19/12/13,"42,198.32"
18/12/13,"42,079.87"
17/12/13,"41,758.55"
16/12/13,"42,054.02"
13/12/13,"41,884.83"
11/12/13,"42,304.55"
10/12/13,"42,490.10"
09/12/13,"42,289.23"
06/12/13,"41,925.54"
05/12/13,"41,910.08"
04/12/13,"42,003.65"
03/12/13,"41,876.86"
02/12/13,"42,138.55"
29/11/13,"42,499.13"
28/11/13,"42,160.42"
27/11/13,"41,872.59"
26/11/13,"41,002.68"
25/11/13,"40,948.36"
22/11/13,"41,199.02"
21/11/13,"40,998.37"
20/11/13,"40,795.56"
19/11/13,"40,643.25"
15/11/13,"41,034.11"
14/11/13,"40,306.70"
13/11/13,"39,765.92"
12/11/13,"39,594.64"
11/11/13,"39,686.83"
08/11/13,"39,864.16"
07/11/13,"40,009.90"
06/11/13,"40,280.09"
05/11/13,"40,304.45"
04/11/13,"41,013.72"
01/11/13,"41,079.61"
31/10/13,"41,038.65"
30/10/13,"41,050.09"
29/10/13,"41,284.38"
28/10/13,"41,125.02"
25/10/13,"40,671.61"
24/10/13,"40,246.73"
23/10/13,"40,552.59"
22/10/13,"40,813.48"
21/10/13,"40,345.78"
18/10/13,"40,412.69"
17/10/13,"40,199.47"
16/10/13,"40,355.27"
15/10/13,"40,218.32"
14/10/13,"40,882.09"
11/10/13,"40,975.37"
10/10/13,"40,489.95"
09/10/13,"39,866.17"
08/10/13,"39,916.84"
07/10/13,"40,451.16"
04/10/13,"40,909.54"
03/10/13,"40,841.13"
02/10/13,"41,300.66"
01/10/13,"41,335.27"
30/09/13,"40,185.23"
27/09/13,"40,903.65"
26/09/13,"41,327.58"
25/09/13,"41,724.03"
24/09/13,"41,209.95"
23/09/13,"41,314.68"
20/09/13,"41,225.98"
19/09/13,"41,752.26"
18/09/13,"41,902.20"
17/09/13,"41,137.67"
13/09/13,"41,122.47"
12/09/13,"40,785.68"
11/09/13,"41,640.53"
10/09/13,"41,732.98"
09/09/13,"40,953.85"
06/09/13,"39,915.06"
05/09/13,"39,686.45"
04/09/13,"39,773.53"
03/09/13,"39,541.51"
02/09/13,"40,129.04"
30/08/13,"39,492.37"
29/08/13,"39,162.49"
28/08/13,"39,248.07"
27/08/13,"39,656.00"
26/08/13,"40,419.93"
23/08/13,"40,925.13"
22/08/13,"41,007.43"
21/08/13,"41,458.16"
20/08/13,"41,825.40"
19/08/13,"41,484.25"
16/08/13,"42,049.70"
15/08/13,"42,155.34"
14/08/13,"42,430.11"
13/08/13,"42,366.45"
12/08/13,"42,124.84"
09/08/13,"42,648.74"
08/08/13,"42,712.05"
07/08/13,"42,246.50"
06/08/13,"41,914.82"
05/08/13,"41,918.41"
02/08/13,"42,051.60"
01/08/13,"41,863.76"
31/07/13,"40,837.88"
30/07/13,"40,236.55"
29/07/13,"40,341.86"
26/07/13,"41,064.58"
25/07/13,"40,752.09"
24/07/13,"40,839.04"
23/07/13,"40,790.16"
22/07/13,"40,117.67"
19/07/13,"39,891.67"
18/07/13,"40,245.31"
17/07/13,"40,240.19"
16/07/13,"39,659.51"
15/07/13,"40,322.32"
12/07/13,"40,329.81"
11/07/13,"40,479.83"
10/07/13,"39,999.02"
09/07/13,"40,221.00"
08/07/13,"40,071.64"
05/07/13,"40,623.09"
04/07/13,"41,200.40"
03/07/13,"40,828.85"
02/07/13,"40,832.48"
01/07/13,"41,176.80"
28/06/13,"40,623.30"
27/06/13,"39,650.75"
26/06/13,"38,805.27"
25/06/13,"37,901.77"
24/06/13,"37,517.36"
21/06/13,"38,036.46"
20/06/13,"37,517.23"
19/06/13,"39,044.95"
18/06/13,"39,459.98"
17/06/13,"39,549.46"
14/06/13,"39,269.30"
13/06/13,"39,481.47"
12/06/13,"39,480.35"
11/06/13,"39,890.24"
10/06/13,"40,721.35"
07/06/13,"40,232.68"
06/06/13,"40,579.08"
05/06/13,"40,226.33"
04/06/13,"40,750.40"
03/06/13,"41,094.82"
31/05/13,"41,588.32"
30/05/13,"40,984.50"
29/05/13,"40,638.97"
28/05/13,"40,764.04"
27/05/13,"40,144.65"
24/05/13,"40,521.27"
23/05/13,"40,505.27"
22/05/13,"40,119.02"
21/05/13,"40,548.44"
20/05/13,"41,080.43"
17/05/13,"41,806.73"
16/05/13,"41,761.11"
15/05/13,"41,905.23"
14/05/13,"41,925.14"
13/05/13,"41,766.91"
10/05/13,"41,741.54"
09/05/13,"41,682.64"
08/05/13,"42,102.14"
07/05/13,"42,406.67"
06/05/13,"42,197.99"
03/05/13,"42,602.07"
02/05/13,"42,090.01"
30/04/13,"42,263.48"
29/04/13,"41,910.53"
26/04/13,"41,897.00"
25/04/13,"42,547.47"
24/04/13,"42,294.93"
23/04/13,"43,113.61"
22/04/13,"42,914.20"
19/04/13,"42,808.17"
18/04/13,"42,460.21"
17/04/13,"42,610.91"
16/04/13,"43,223.69"
15/04/13,"42,984.38"
12/04/13,"44,004.27"
11/04/13,"44,408.43"
10/04/13,"44,380.83"
09/04/13,"43,973.18"
08/04/13,"43,430.99"
05/04/13,"43,244.25"
04/04/13,"43,566.69"
03/04/13,"43,717.57"
02/04/13,"44,113.50"
01/04/13,"43,932.52"
27/03/13,"44,077.09"
26/03/13,"43,664.73"
25/03/13,"42,900.83"
22/03/13,"42,686.68"
21/03/13,"42,531.07"
20/03/13,"42,497.97"
19/03/13,"42,060.61"
15/03/13,"42,605.05"
14/03/13,"43,348.52"
13/03/13,"43,278.11"
12/03/13,"43,965.41"
11/03/13,"44,013.30"
08/03/13,"44,322.51"
07/03/13,"43,968.60"
06/03/13,"44,159.65"
05/03/13,"44,017.12"
04/03/13,"43,871.31"
01/03/13,"43,995.72"
28/02/13,"44,120.99"
27/02/13,"43,772.89"
26/02/13,"43,489.20"
25/02/13,"43,497.20"
22/02/13,"43,875.73"
21/02/13,"44,136.60"
20/02/13,"44,299.56"
19/02/13,"44,639.76"
18/02/13,"44,141.92"
15/02/13,"44,152.96"
14/02/13,"43,878.28"
13/02/13,"44,096.27"
12/02/13,"44,873.44"
11/02/13,"45,063.88"
08/02/13,"45,089.36"
07/02/13,"45,019.21"
06/02/13,"45,570.71"
05/02/13,"45,688.12"
04/02/13,"45,768.49"
01/02/13,"45,768.49"
31/01/13,"45,278.06"
30/01/13,"45,753.18"
29/01/13,"45,907.98"
28/01/13,"45,912.51"
25/01/13,"45,575.86"
24/01/13,"45,428.70"
23/01/13,"45,442.98"
22/01/13,"45,320.30"
21/01/13,"45,223.85"
18/01/13,"45,212.53"
17/01/13,"44,943.34"
16/01/13,"44,865.30"
15/01/13,"44,748.06"
14/01/13,"44,862.92"
11/01/13,"44,888.13"
10/01/13,"44,859.80"
09/01/13,"44,862.54"
08/01/13,"44,571.20"
07/01/13,"44,625.93"
04/01/13,"44,562.33"
03/01/13,"44,370.64"
02/01/13,"44,304.17"
31/12/12,"43,705.83"
28/12/12,"43,721.93"
27/12/12,"43,469.89"
26/12/12,"43,495.74"
24/12/12,"43,533.45"
21/12/12,"43,621.62"
20/12/12,"43,637.68"
19/12/12,"43,647.99"
18/12/12,"43,825.97"
17/12/12,"43,338.33"
14/12/12,"43,050.92"
13/12/12,"43,006.31"
11/12/12,"43,183.28"
10/12/12,"43,134.51"
07/12/12,"42,797.67"
06/12/12,"42,589.68"
05/12/12,"42,416.29"
04/12/12,"42,337.82"
03/12/12,"42,323.84"
30/11/12,"41,833.52"
29/11/12,"42,090.69"
28/11/12,"41,912.95"
27/11/12,"41,769.38"
26/11/12,"41,878.27"
23/11/12,"41,919.55"
22/11/12,"42,032.35"
21/11/12,"41,668.06"
20/11/12,"41,184.00"
16/11/12,"40,830.60"
15/11/12,"40,573.66"
14/11/12,"40,750.42"
13/11/12,"41,078.50"
12/11/12,"40,859.90"
09/11/12,"40,677.07"
08/11/12,"40,830.65"
07/11/12,"41,010.98"
06/11/12,"41,720.62"
05/11/12,"41,722.14"
01/11/12,"41,761.78"
31/10/12,"41,619.96"
30/10/12,"41,599.00"
29/10/12,"41,817.11"
26/10/12,"41,836.92"
25/10/12,"41,877.27"
24/10/12,"42,095.16"
23/10/12,"42,041.14"
22/10/12,"42,122.25"
19/10/12,"42,386.83"
18/10/12,"42,592.78"
17/10/12,"42,559.98"
16/10/12,"42,518.35"
15/10/12,"42,008.55"
12/10/12,"41,665.48"
11/10/12,"41,745.39"
10/10/12,"41,470.05"
09/10/12,"41,755.16"
08/10/12,"41,756.96"
05/10/12,"41,934.08"
04/10/12,"41,421.74"
03/10/12,"41,004.84"
02/10/12,"41,199.29"
01/10/12,"41,124.56"
28/09/12,"40,799.24"
27/09/12,"40,729.70"
26/09/12,"40,332.98"
25/09/12,"40,215.35"
24/09/12,"40,561.22"
21/09/12,"40,338.70"
20/09/12,"40,500.35"
19/09/12,"40,941.31"
18/09/12,"40,590.96"
17/09/12,"40,621.46"
14/09/12,"40,693.47"
13/09/12,"40,655.61"
12/09/12,"40,248.38"
11/09/12,"39,998.97"
10/09/12,"39,991.19"
07/09/12,"40,043.87"
06/09/12,"39,987.06"
05/09/12,"39,573.92"
04/09/12,"39,549.43"
03/09/12,"39,802.94"
31/08/12,"39,421.65"
30/08/12,"39,925.69"
29/08/12,"39,908.90"
28/08/12,"39,950.90"
27/08/12,"39,972.85"
24/08/12,"40,211.41"
23/08/12,"39,879.01"
22/08/12,"40,027.13"
21/08/12,"40,096.64"
20/08/12,"40,350.00"
17/08/12,"40,547.49"
16/08/12,"40,714.87"
15/08/12,"40,792.59"
14/08/12,"40,644.97"
13/08/12,"40,366.27"
10/08/12,"40,850.00"
09/08/12,"40,677.48"
08/08/12,"40,851.18"
07/08/12,"41,070.24"
06/08/12,"41,096.44"
03/08/12,"40,998.40"
02/08/12,"40,759.00"
01/08/12,"40,805.40"
31/07/12,"40,704.28"
30/07/12,"41,333.11"
27/07/12,"41,476.48"
26/07/12,"40,977.32"
25/07/12,"40,435.10"
24/07/12,"40,697.87"
23/07/12,"40,947.55"
20/07/12,"40,808.73"
19/07/12,"40,752.53"
18/07/12,"40,747.47"
17/07/12,"41,273.02"
16/07/12,"40,910.80"
13/07/12,"40,498.47"
12/07/12,"40,268.41"
11/07/12,"40,221.80"
10/07/12,"40,049.59"
09/07/12,"39,963.26"
06/07/12,"39,831.65"
05/07/12,"40,040.69"
04/07/12,"40,353.43"
03/07/12,"40,434.71"
02/07/12,"40,108.92"
29/06/12,"40,199.55"
28/06/12,"39,637.66"
27/06/12,"39,490.68"
26/06/12,"39,339.15"
25/06/12,"39,157.51"
22/06/12,"39,071.50"
21/06/12,"38,515.94"
20/06/12,"38,973.64"
19/06/12,"38,688.65"
18/06/12,"38,060.82"
15/06/12,"37,738.58"
14/06/12,"37,440.48"
13/06/12,"37,142.15"
12/06/12,"37,271.00"
11/06/12,"37,035.75"
08/06/12,"37,323.91"
07/06/12,"37,247.34"
06/06/12,"37,274.79"
05/06/12,"37,089.36"
04/06/12,"37,059.78"
01/06/12,"37,182.37"
31/05/12,"37,872.95"
30/05/12,"38,070.67"
29/05/12,"38,126.85"
28/05/12,"37,642.80"
25/05/12,"37,486.25"
24/05/12,"37,553.21"
23/05/12,"37,422.38"
22/05/12,"37,481.19"
21/05/12,"37,512.41"
18/05/12,"36,875.33"
17/05/12,"37,261.24"
16/05/12,"37,511.08"
15/05/12,"37,939.63"
14/05/12,"38,352.11"
11/05/12,"38,888.79"
10/05/12,"39,170.90"
09/05/12,"39,122.82"
08/05/12,"39,214.64"
07/05/12,"40,045.51"
04/05/12,"39,408.61"
03/05/12,"39,580.05"
02/05/12,"39,597.42"
30/04/12,"39,461.00"
27/04/12,"39,324.14"
26/04/12,"39,212.16"
25/04/12,"39,066.01"
24/04/12,"38,849.08"
23/04/12,"38,961.79"
20/04/12,"39,354.86"
19/04/12,"39,395.64"
18/04/12,"39,330.12"
17/04/12,"39,355.17"
16/04/12,"39,054.84"
13/04/12,"38,444.01"
12/04/12,"39,357.81"
11/04/12,"39,167.14"
10/04/12,"39,035.17"
09/04/12,"39,432.15"
04/04/12,"39,398.88"
03/04/12,"39,924.93"
02/04/12,"39,908.54"
30/03/12,"39,521.24"
29/03/12,"39,125.35"
28/03/12,"38,910.68"
27/03/12,"38,956.32"
26/03/12,"38,863.15"
23/03/12,"38,334.90"
22/03/12,"38,323.51"
21/03/12,"38,434.51"
20/03/12,"38,055.27"
16/03/12,"38,258.45"
15/03/12,"38,134.57"
14/03/12,"37,971.44"
13/03/12,"38,019.76"
12/03/12,"37,590.17"
09/03/12,"37,691.01"
08/03/12,"37,815.43"
07/03/12,"37,548.54"
06/03/12,"37,487.63"
05/03/12,"38,155.27"
02/03/12,"38,327.43"
01/03/12,"38,033.45"
29/02/12,"37,816.69"
28/02/12,"38,021.42"
27/02/12,"37,785.72"
24/02/12,"37,945.22"
23/02/12,"38,027.84"
22/02/12,"37,912.55"
21/02/12,"37,859.48"
20/02/12,"38,296.68"
17/02/12,"37,914.70"
16/02/12,"38,212.24"
15/02/12,"37,864.55"
14/02/12,"37,831.87"
13/02/12,"38,204.33"
10/02/12,"38,149.22"
09/02/12,"38,242.28"
08/02/12,"38,140.55"
07/02/12,"38,062.42"
03/02/12,"38,092.81"
02/02/12,"37,711.16"
01/02/12,"37,709.65"
31/01/12,"37,422.68"
30/01/12,"37,241.61"
27/01/12,"37,184.71"
26/01/12,"37,240.78"
25/01/12,"37,212.86"
24/01/12,"36,853.30"
23/01/12,"37,195.73"
20/01/12,"37,384.21"
19/01/12,"37,680.06"
18/01/12,"37,506.76"
17/01/12,"36,601.20"
16/01/12,"36,916.16"
13/01/12,"36,548.56"
12/01/12,"37,320.97"
11/01/12,"37,307.64"
10/01/12,"37,190.90"
09/01/12,"36,785.34"
06/01/12,"36,804.05"
05/01/12,"37,017.95"
04/01/12,"37,387.63"
03/01/12,"37,384.34"
02/01/12,"37,335.03"
30/12/11,"37,077.52"
29/12/11,"37,185.73"
28/12/11,"36,644.86"
27/12/11,"37,091.42"
23/12/11,"37,041.42"
22/12/11,"37,066.77"
21/12/11,"36,628.06"
20/12/11,"36,239.39"
19/12/11,"35,587.78"
16/12/11,"36,054.63"
15/12/11,"36,006.90"
14/12/11,"36,012.67"
13/12/11,"36,471.44"
09/12/11,"37,227.21"
08/12/11,"36,641.31"
07/12/11,"37,054.56"
06/12/11,"37,071.17"
05/12/11,"37,103.17"
02/12/11,"36,756.06"
01/12/11,"36,567.63"
30/11/11,"36,829.15"
29/11/11,"35,708.71"
28/11/11,"35,558.18"
25/11/11,"34,573.04"
24/11/11,"35,323.60"
23/11/11,"35,375.61"
22/11/11,"35,969.61"
18/11/11,"36,284.20"
17/11/11,"36,110.68"
16/11/11,"36,708.41"
15/11/11,"37,293.38"
14/11/11,"37,069.90"
11/11/11,"37,555.65"
10/11/11,"36,615.07"
09/11/11,"36,553.85"
08/11/11,"37,351.81"
07/11/11,"37,024.61"
04/11/11,"36,689.38"
03/11/11,"36,579.07"
01/11/11,"35,742.57"
31/10/11,"36,159.99"
28/10/11,"36,708.64"
27/10/11,"36,727.21"
26/10/11,"35,818.58"
25/10/11,"35,290.15"
24/10/11,"35,265.56"
21/10/11,"35,020.74"
20/10/11,"34,395.50"
19/10/11,"34,523.27"
18/10/11,"35,011.71"
17/10/11,"34,125.70"
14/10/11,"34,848.42"
13/10/11,"34,584.75"
12/10/11,"34,470.36"
11/10/11,"33,681.80"
10/10/11,"33,547.24"
07/10/11,"33,005.09"
06/10/11,"33,279.72"
05/10/11,"33,000.29"
04/10/11,"32,966.23"
03/10/11,"33,133.88"
30/09/11,"33,503.28"
29/09/11,"33,686.16"
28/09/11,"33,438.16"
27/09/11,"33,783.68"
26/09/11,"33,385.94"
23/09/11,"32,588.43"
22/09/11,"32,381.06"
21/09/11,"34,019.22"
20/09/11,"34,337.97"
19/09/11,"35,076.96"
15/09/11,"35,181.44"
14/09/11,"34,661.78"
13/09/11,"33,947.62"
12/09/11,"33,792.56"
09/09/11,"33,812.62"
08/09/11,"34,712.38"
07/09/11,"35,179.59"
06/09/11,"34,439.34"
05/09/11,"33,880.02"
02/09/11,"35,134.43"
01/09/11,"35,637.86"
31/08/11,"35,721.10"
30/08/11,"35,148.91"
29/08/11,"35,016.04"
26/08/11,"34,042.22"
25/08/11,"33,904.38"
24/08/11,"34,644.92"
23/08/11,"34,675.53"
22/08/11,"33,593.65"
19/08/11,"33,136.89"
18/08/11,"33,246.63"
17/08/11,"34,049.58"
16/08/11,"33,948.48"
15/08/11,"33,901.08"
12/08/11,"33,361.50"
11/08/11,"33,590.33"
10/08/11,"32,219.33"
09/08/11,"32,381.55"
08/08/11,"31,740.13"
05/08/11,"33,697.87"
04/08/11,"33,322.63"
03/08/11,"34,484.37"
02/08/11,"34,814.94"
01/08/11,"35,730.71"
29/07/11,"35,999.34"
28/07/11,"35,917.80"
27/07/11,"35,597.63"
26/07/11,"35,341.27"
25/07/11,"35,479.67"
22/07/11,"35,755.48"
21/07/11,"35,555.83"
20/07/11,"35,341.67"
19/07/11,"35,752.02"
18/07/11,"35,781.43"
15/07/11,"36,155.86"
14/07/11,"36,164.61"
13/07/11,"36,254.70"
12/07/11,"36,178.59"
11/07/11,"36,359.49"
08/07/11,"36,499.85"
07/07/11,"36,583.29"
06/07/11,"36,468.01"
05/07/11,"36,640.93"
04/07/11,"36,847.10"
01/07/11,"36,800.72"
30/06/11,"36,558.07"
29/06/11,"36,579.59"
28/06/11,"36,188.91"
27/06/11,"35,601.73"
24/06/11,"35,347.85"
23/06/11,"35,326.66"
22/06/11,"35,399.44"
21/06/11,"35,276.60"
20/06/11,"35,109.97"
17/06/11,"35,025.74"
16/06/11,"35,220.99"
15/06/11,"35,318.39"
14/06/11,"35,445.65"
13/06/11,"34,997.97"
10/06/11,"34,963.78"
09/06/11,"35,233.40"
08/06/11,"34,879.07"
07/06/11,"34,895.83"
06/06/11,"34,673.48"
03/06/11,"35,123.89"
02/06/11,"35,416.25"
01/06/11,"35,410.51"
31/05/11,"35,832.79"
30/05/11,"35,639.38"
27/05/11,"35,819.20"
26/05/11,"35,742.21"
25/05/11,"35,498.42"
24/05/11,"35,382.56"
23/05/11,"35,215.02"
20/05/11,"35,298.67"
19/05/11,"35,276.47"
18/05/11,"35,364.33"
17/05/11,"34,819.57"
16/05/11,"35,130.60"
13/05/11,"35,045.14"
12/05/11,"35,161.26"
11/05/11,"35,380.53"
10/05/11,"35,678.92"
09/05/11,"35,467.01"
06/05/11,"35,212.23"
05/05/11,"35,325.09"
04/05/11,"35,531.22"
03/05/11,"35,873.21"
02/05/11,"36,592.61"
29/04/11,"36,962.62"
28/04/11,"36,722.64"
27/04/11,"36,826.93"
26/04/11,"36,892.24"
25/04/11,"36,860.68"
20/04/11,"36,816.31"
19/04/11,"36,440.22"
18/04/11,"36,332.10"
15/04/11,"36,988.38"
14/04/11,"37,069.96"
13/04/11,"37,347.69"
12/04/11,"37,321.80"
11/04/11,"37,590.67"
08/04/11,"37,471.72"
07/04/11,"37,471.54"
06/04/11,"37,861.81"
05/04/11,"37,832.96"
04/04/11,"37,903.58"
01/04/11,"37,775.07"
31/03/11,"37,440.51"
30/03/11,"37,210.27"
29/03/11,"36,795.89"
28/03/11,"36,767.86"
25/03/11,"36,784.27"
24/03/11,"36,872.38"
23/03/11,"36,546.62"
22/03/11,"35,925.35"
18/03/11,"35,418.50"
17/03/11,"35,621.68"
16/03/11,"35,655.31"
15/03/11,"36,012.17"
14/03/11,"36,205.76"
11/03/11,"36,091.22"
10/03/11,"35,891.41"
09/03/11,"36,450.19"
08/03/11,"36,688.12"
07/03/11,"36,603.30"
04/03/11,"36,900.84"
03/03/11,"37,132.98"
02/03/11,"36,863.53"
01/03/11,"36,768.09"
28/02/11,"37,019.70"
25/02/11,"36,880.20"
24/02/11,"36,446.56"
23/02/11,"36,464.07"
22/02/11,"36,781.55"
21/02/11,"37,242.05"
18/02/11,"37,522.30"
17/02/11,"37,226.43"
16/02/11,"37,074.93"
15/02/11,"36,951.25"
14/02/11,"36,998.93"
11/02/11,"37,011.49"
10/02/11,"36,652.13"
09/02/11,"36,986.94"
08/02/11,"37,565.65"
04/02/11,"37,451.84"
03/02/11,"37,739.08"
02/02/11,"37,948.75"
01/02/11,"37,618.10"
31/01/11,"36,982.24"
28/01/11,"36,839.72"
27/01/11,"37,447.70"
26/01/11,"37,585.40"
25/01/11,"37,470.76"
24/01/11,"37,667.90"
21/01/11,"37,321.11"
20/01/11,"37,584.68"
19/01/11,"37,810.16"
18/01/11,"38,151.30"
17/01/11,"38,096.91"
14/01/11,"37,994.72"
13/01/11,"38,070.19"
12/01/11,"37,963.31"
11/01/11,"38,028.81"
10/01/11,"38,378.16"
07/01/11,"38,600.86"
06/01/11,"38,589.67"
05/01/11,"38,696.24"
04/01/11,"38,542.16"
03/01/11,"38,605.80"
31/12/10,"38,550.79"
30/12/10,"38,243.14"
29/12/10,"38,230.20"
28/12/10,"38,147.51"
27/12/10,"38,132.85"
24/12/10,"38,081.07"
23/12/10,"38,131.47"
22/12/10,"38,172.91"
21/12/10,"38,230.86"
20/12/10,"37,975.48"
17/12/10,"37,997.34"
16/12/10,"37,832.86"
15/12/10,"37,676.55"
14/12/10,"37,901.04"
13/12/10,"37,894.34"
10/12/10,"37,677.78"
09/12/10,"37,567.39"
08/12/10,"37,617.77"
07/12/10,"37,880.13"
06/12/10,"37,737.13"
03/12/10,"37,385.91"
02/12/10,"37,399.47"
01/12/10,"37,277.56"
30/11/10,"36,817.32"
29/11/10,"36,890.61"
26/11/10,"36,904.53"
25/11/10,"36,969.20"
24/11/10,"37,079.28"
23/11/10,"36,271.83"
22/11/10,"36,710.46"
19/11/10,"36,601.40"
18/11/10,"36,322.12"
17/11/10,"35,842.48"
16/11/10,"35,648.21"
12/11/10,"36,057.39"
11/11/10,"36,304.54"
10/11/10,"36,417.47"
09/11/10,"36,198.03"
08/11/10,"36,543.39"
05/11/10,"36,317.51"
04/11/10,"36,198.60"
03/11/10,"35,843.81"
01/11/10,"35,722.71"
29/10/10,"35,568.22"
28/10/10,"35,376.72"
27/10/10,"35,262.90"
26/10/10,"35,373.39"
25/10/10,"35,262.89"
22/10/10,"35,120.88"
21/10/10,"34,965.25"
20/10/10,"34,880.47"
19/10/10,"34,452.21"
18/10/10,"34,919.31"
15/10/10,"34,741.54"
14/10/10,"34,836.50"
13/10/10,"34,798.65"
12/10/10,"34,437.39"
11/10/10,"34,465.41"
08/10/10,"34,464.82"
07/10/10,"34,257.81"
06/10/10,"34,370.64"
05/10/10,"34,257.40"
04/10/10,"34,040.17"
01/10/10,"33,807.48"
30/09/10,"33,330.34"
29/09/10,"33,186.76"
28/09/10,"33,258.53"
27/09/10,"33,122.44"
24/09/10,"33,280.75"
23/09/10,"33,091.13"
22/09/10,"33,207.21"
21/09/10,"33,296.69"
20/09/10,"33,273.53"
15/09/10,"33,046.69"
14/09/10,"33,058.00"
13/09/10,"32,921.63"
10/09/10,"32,626.87"
09/09/10,"32,518.98"
08/09/10,"32,409.60"
07/09/10,"32,448.40"
06/09/10,"32,746.67"
03/09/10,"32,592.87"
02/09/10,"32,417.33"
01/09/10,"32,339.23"
31/08/10,"31,679.85"
30/08/10,"31,382.67"
27/08/10,"31,755.35"
26/08/10,"31,217.99"
25/08/10,"31,453.72"
24/08/10,"31,364.89"
23/08/10,"32,142.67"
20/08/10,"32,291.67"
19/08/10,"32,153.63"
18/08/10,"32,408.30"
17/08/10,"32,286.08"
16/08/10,"32,119.88"
13/08/10,"32,099.75"
12/08/10,"32,041.13"
11/08/10,"32,058.57"
10/08/10,"32,685.52"
09/08/10,"32,837.57"
06/08/10,"32,917.92"
05/08/10,"32,907.19"
04/08/10,"32,900.48"
03/08/10,"32,768.08"
02/08/10,"32,816.52"
30/07/10,"32,308.74"
29/07/10,"32,463.72"
28/07/10,"32,665.56"
27/07/10,"32,695.31"
26/07/10,"32,958.89"
23/07/10,"32,806.03"
22/07/10,"32,720.76"
21/07/10,"32,108.99"
20/07/10,"32,024.27"
19/07/10,"31,845.88"
16/07/10,"31,783.39"
15/07/10,"32,381.06"
14/07/10,"32,305.71"
13/07/10,"32,185.20"
12/07/10,"31,870.55"
09/07/10,"32,004.31"
08/07/10,"31,960.64"
07/07/10,"32,035.19"
06/07/10,"31,533.58"
05/07/10,"31,391.45"
02/07/10,"31,379.67"
01/07/10,"31,197.04"
30/06/10,"31,156.97"
29/06/10,"31,473.20"
28/06/10,"32,568.19"
25/06/10,"32,607.13"
24/06/10,"32,312.76"
23/06/10,"32,663.29"
22/06/10,"32,470.70"
21/06/10,"32,882.00"
18/06/10,"32,814.62"
17/06/10,"32,775.34"
16/06/10,"32,805.63"
15/06/10,"32,685.40"
14/06/10,"32,238.41"
11/06/10,"32,124.28"
10/06/10,"31,910.22"
09/06/10,"31,209.33"
08/06/10,"31,059.83"
07/06/10,"30,739.01"
04/06/10,"30,992.65"
03/06/10,"31,331.86"
02/06/10,"31,411.91"
01/06/10,"31,245.83"
31/05/10,"32,038.53"
28/05/10,"31,547.55"
27/05/10,"32,056.16"
26/05/10,"31,328.49"
25/05/10,"30,634.17"
24/05/10,"30,759.48"
21/05/10,"30,629.15"
20/05/10,"30,368.08"
19/05/10,"30,992.76"
18/05/10,"31,136.35"
17/05/10,"31,580.63"
14/05/10,"31,812.73"
13/05/10,"32,342.43"
12/05/10,"32,379.63"
11/05/10,"32,119.11"
10/05/10,"32,276.92"
07/05/10,"31,488.82"
06/05/10,"31,398.97"
05/05/10,"31,995.28"
04/05/10,"32,120.65"
03/05/10,"32,832.45"
30/04/10,"32,687.32"
29/04/10,"32,861.00"
28/04/10,"32,952.86"
27/04/10,"32,679.36"
26/04/10,"33,771.55"
23/04/10,"33,853.69"
22/04/10,"33,658.37"
21/04/10,"33,517.18"
20/04/10,"33,813.16"
19/04/10,"33,439.77"
16/04/10,"33,621.39"
15/04/10,"34,134.23"
14/04/10,"34,113.93"
13/04/10,"33,819.04"
12/04/10,"33,852.39"
09/04/10,"33,840.85"
08/04/10,"33,567.35"
07/04/10,"33,632.35"
06/04/10,"33,801.21"
05/04/10,"33,648.89"
31/03/10,"33,266.43"
30/03/10,"33,399.46"
29/03/10,"33,416.10"
26/03/10,"33,147.81"
25/03/10,"33,164.33"
24/03/10,"33,160.97"
23/03/10,"33,361.27"
22/03/10,"33,142.02"
19/03/10,"33,022.84"
18/03/10,"32,969.83"
17/03/10,"32,798.30"
16/03/10,"32,723.90"
12/03/10,"32,578.05"
11/03/10,"32,602.94"
10/03/10,"32,505.76"
09/03/10,"32,514.17"
08/03/10,"32,520.27"
05/03/10,"32,436.53"
04/03/10,"32,202.00"
03/03/10,"32,353.54"
02/03/10,"32,055.04"
01/03/10,"31,765.14"
26/02/10,"31,634.54"
25/02/10,"31,649.10"
24/02/10,"31,788.54"
23/02/10,"31,850.24"
22/02/10,"32,034.34"
19/02/10,"32,172.11"
18/02/10,"32,170.79"
17/02/10,"31,892.12"
16/02/10,"31,644.77"
15/02/10,"31,038.32"
12/02/10,"31,005.74"
11/02/10,"30,845.63"
10/02/10,"30,746.05"
09/02/10,"30,818.48"
08/02/10,"30,649.44"
05/02/10,"30,630.73"
04/02/10,"30,603.71"
03/02/10,"31,287.04"
02/02/10,"30,876.65"
29/01/10,"30,391.61"
28/01/10,"30,811.35"
27/01/10,"30,610.83"
26/01/10,"30,651.56"
25/01/10,"30,465.06"
22/01/10,"30,830.91"
21/01/10,"31,205.30"
20/01/10,"32,025.34"
19/01/10,"32,473.05"
18/01/10,"32,482.73"
15/01/10,"32,262.30"
14/01/10,"32,729.58"
13/01/10,"32,836.08"
12/01/10,"32,792.66"
11/01/10,"32,935.38"
08/01/10,"32,892.04"
07/01/10,"33,064.57"
06/01/10,"32,830.16"
05/01/10,"32,732.76"
04/01/10,"32,758.53"
31/12/09,"32,120.47"
30/12/09,"32,448.74"
29/12/09,"32,626.29"
28/12/09,"32,610.51"
24/12/09,"32,548.53"
23/12/09,"32,450.23"
22/12/09,"32,240.32"
21/12/09,"31,799.23"
18/12/09,"31,834.07"
17/12/09,"31,948.41"
16/12/09,"31,956.25"
15/12/09,"31,902.60"
14/12/09,"32,009.88"
11/12/09,"31,901.69"
10/12/09,"31,916.60"
09/12/09,"31,670.21"
08/12/09,"31,710.39"
07/12/09,"32,085.17"
04/12/09,"32,105.39"
03/12/09,"31,967.43"
02/12/09,"32,111.79"
01/12/09,"31,750.58"
30/11/09,"30,957.11"
27/11/09,"30,775.45"
26/11/09,"30,447.83"
25/11/09,"31,364.04"
24/11/09,"30,961.99"
23/11/09,"31,126.17"
20/11/09,"30,666.51"
19/11/09,"30,817.67"
18/11/09,"31,056.62"
17/11/09,"31,400.20"
13/11/09,"31,002.09"
12/11/09,"30,759.85"
11/11/09,"31,097.64"
10/11/09,"30,788.20"
09/11/09,"30,646.24"
06/11/09,"29,868.62"
05/11/09,"29,735.34"
04/11/09,"29,430.51"
03/11/09,"28,886.53"
30/10/09,"28,646.03"
29/10/09,"29,247.83"
28/10/09,"28,670.90"
27/10/09,"29,312.84"
26/10/09,"30,280.08"
23/10/09,"30,617.68"
22/10/09,"30,761.76"
21/10/09,"30,889.05"
20/10/09,"31,000.94"
19/10/09,"30,927.11"
16/10/09,"30,726.30"
15/10/09,"31,017.73"
14/10/09,"30,881.10"
13/10/09,"30,611.10"
12/10/09,"30,475.43"
09/10/09,"30,039.71"
08/10/09,"29,898.85"
07/10/09,"29,763.37"
06/10/09,"29,690.48"
05/10/09,"29,214.40"
02/10/09,"28,678.66"
01/10/09,"28,588.26"
30/09/09,"29,232.24"
29/09/09,"29,432.01"
28/09/09,"29,401.99"
25/09/09,"28,759.98"
24/09/09,"28,465.11"
23/09/09,"28,959.67"
22/09/09,"29,513.68"
21/09/09,"29,607.16"
18/09/09,"29,942.00"
17/09/09,"30,017.72"
15/09/09,"29,625.02"
14/09/09,"29,383.19"
11/09/09,"29,448.79"
10/09/09,"29,318.42"
09/09/09,"29,100.05"
08/09/09,"29,190.82"
07/09/09,"28,585.25"
04/09/09,"28,309.55"
03/09/09,"28,150.09"
02/09/09,"27,953.34"
01/09/09,"27,749.16"
31/08/09,"28,129.95"
28/08/09,"28,599.92"
27/08/09,"28,437.26"
26/08/09,"28,212.85"
25/08/09,"28,005.46"
24/08/09,"28,004.27"
21/08/09,"28,308.96"
20/08/09,"27,944.24"
19/08/09,"27,598.37"
18/08/09,"27,544.32"
17/08/09,"27,299.58"
14/08/09,"27,855.43"
13/08/09,"28,155.49"
12/08/09,"28,096.02"
11/08/09,"27,800.80"
10/08/09,"28,305.32"
07/08/09,"28,179.55"
06/08/09,"27,802.41"
05/08/09,"28,082.63"
04/08/09,"27,869.92"
03/08/09,"27,692.48"
31/07/09,"27,043.50"
30/07/09,"26,810.27"
29/07/09,"26,516.50"
28/07/09,"26,850.75"
27/07/09,"26,815.30"
24/07/09,"26,646.37"
23/07/09,"26,805.42"
22/07/09,"26,288.21"
21/07/09,"26,004.02"
20/07/09,"26,284.06"
17/07/09,"25,741.96"
16/07/09,"25,735.56"
15/07/09,"25,336.33"
14/07/09,"24,340.65"
13/07/09,"23,951.96"
10/07/09,"23,656.26"
09/07/09,"23,634.27"
08/07/09,"23,468.98"
07/07/09,"23,359.94"
06/07/09,"23,742.49"
03/07/09,"24,045.39"
02/07/09,"24,051.46"
01/07/09,"24,524.01"
30/06/09,"24,368.38"
29/06/09,"24,473.53"
26/06/09,"24,458.23"
25/06/09,"24,245.71"
24/06/09,"23,711.24"
23/06/09,"23,496.39"
22/06/09,"23,314.68"
19/06/09,"24,274.72"
18/06/09,"24,340.65"
17/06/09,"24,150.94"
16/06/09,"24,224.83"
15/06/09,"24,899.69"
12/06/09,"25,460.02"
11/06/09,"25,372.85"
10/06/09,"25,183.72"
09/06/09,"25,107.43"
08/06/09,"24,932.88"
05/06/09,"24,913.01"
04/06/09,"24,748.03"
03/06/09,"24,651.32"
02/06/09,"25,183.83"
01/06/09,"25,105.63"
29/05/09,"24,331.71"
28/05/09,"24,659.24"
27/05/09,"24,507.81"
26/05/09,"24,640.08"
25/05/09,"24,198.96"
22/05/09,"24,093.24"
21/05/09,"23,821.26"
20/05/09,"24,399.60"
19/05/09,"24,344.62"
18/05/09,"23,935.49"
15/05/09,"23,341.72"
14/05/09,"23,405.93"
13/05/09,"23,155.01"
12/05/09,"23,696.49"
11/05/09,"23,943.02"
08/05/09,"24,085.58"
07/05/09,"23,589.40"
06/05/09,"23,906.13"
05/05/09,"23,430.24"
04/05/09,"23,014.05"
30/04/09,"21,898.85"
29/04/09,"22,079.34"
28/04/09,"21,662.53"
27/04/09,"21,827.11"
24/04/09,"22,582.17"
23/04/09,"21,829.33"
22/04/09,"21,480.01"
21/04/09,"21,216.94"
20/04/09,"21,587.49"
17/04/09,"22,234.84"
16/04/09,"22,189.20"
15/04/09,"21,861.36"
14/04/09,"21,918.60"
13/04/09,"21,838.96"
08/04/09,"20,530.63"
07/04/09,"20,623.42"
06/04/09,"20,807.21"
03/04/09,"20,933.78"
02/04/09,"20,562.59"
01/04/09,"19,880.37"
31/03/09,"19,626.75"
30/03/09,"19,530.15"
27/03/09,"20,315.17"
26/03/09,"20,542.25"
25/03/09,"20,272.77"
24/03/09,"20,242.61"
23/03/09,"20,346.43"
20/03/09,"19,363.30"
19/03/09,"19,596.51"
18/03/09,"19,620.48"
17/03/09,"19,325.05"
13/03/09,"19,437.01"
12/03/09,"18,864.87"
11/03/09,"17,790.69"
10/03/09,"17,543.52"
09/03/09,"16,964.36"
06/03/09,"17,043.44"
05/03/09,"17,365.02"
04/03/09,"17,824.96"
03/03/09,"17,093.25"
02/03/09,"16,929.80"
27/02/09,"17,752.18"
26/02/09,"18,047.16"
25/02/09,"18,200.70"
24/02/09,"18,296.11"
23/02/09,"17,956.40"
20/02/09,"18,324.23"
19/02/09,"18,682.47"
18/02/09,"18,741.27"
17/02/09,"18,853.93"
16/02/09,"19,520.87"
13/02/09,"19,368.10"
12/02/09,"19,358.25"
11/02/09,"19,446.65"
10/02/09,"19,825.72"
09/02/09,"20,537.10"
06/02/09,"20,438.13"
05/02/09,"19,736.96"
04/02/09,"19,622.60"
03/02/09,"19,630.46"
30/01/09,"19,565.14"
29/01/09,"19,537.05"
28/01/09,"20,145.22"
27/01/09,"19,616.15"
26/01/09,"19,583.08"
23/01/09,"19,348.81"
22/01/09,"19,306.73"
21/01/09,"19,497.10"
20/01/09,"19,213.02"
19/01/09,"20,393.41"
16/01/09,"20,325.39"
15/01/09,"20,280.49"
14/01/09,"20,369.23"
13/01/09,"21,047.30"
12/01/09,"21,162.27"
09/01/09,"21,741.29"
08/01/09,"21,955.40"
07/01/09,"22,117.51"
06/01/09,"23,005.41"
05/01/09,"23,238.86"
02/01/09,"23,250.96"
31/12/08,"22,380.32"
30/12/08,"22,420.01"
29/12/08,"22,392.38"
26/12/08,"22,515.34"
24/12/08,"22,340.70"
23/12/08,"22,174.26"
22/12/08,"22,059.18"
19/12/08,"22,221.64"
18/12/08,"22,347.17"
17/12/08,"22,572.50"
16/12/08,"22,032.54"
15/12/08,"21,050.55"
11/12/08,"21,408.35"
10/12/08,"21,689.84"
09/12/08,"21,439.65"
08/12/08,"21,168.72"
05/12/08,"20,081.83"
04/12/08,"19,916.21"
03/12/08,"20,147.01"
02/12/08,"19,802.27"
01/12/08,"19,533.08"
28/11/08,"20,534.72"
27/11/08,"20,201.82"
26/11/08,"20,025.79"
25/11/08,"19,297.63"
24/11/08,"19,529.25"
21/11/08,"18,251.41"
20/11/08,"18,190.70"
19/11/08,"18,578.38"
18/11/08,"19,036.23"
14/11/08,"19,562.14"
13/11/08,"19,710.10"
12/11/08,"18,804.95"
11/11/08,"19,795.25"
10/11/08,"20,020.53"
07/11/08,"19,865.22"
06/11/08,"19,650.86"
05/11/08,"20,446.77"
04/11/08,"21,535.27"
03/11/08,"20,612.68"
31/10/08,"20,445.32"
30/10/08,"20,207.02"
29/10/08,"19,157.33"
28/10/08,"18,632.53"
27/10/08,"16,891.03"
24/10/08,"16,978.84"
23/10/08,"17,798.99"
22/10/08,"18,787.34"
21/10/08,"20,203.27"
20/10/08,"20,786.21"
17/10/08,"20,312.83"
16/10/08,"20,457.93"
15/10/08,"21,135.42"
14/10/08,"22,244.61"
13/10/08,"22,095.89"
10/10/08,"19,905.27"
09/10/08,"20,310.20"
08/10/08,"20,678.97"
07/10/08,"20,884.74"
06/10/08,"21,749.13"
03/10/08,"22,989.50"
02/10/08,"24,027.35"
01/10/08,"25,117.32"
30/09/08,"24,888.90"
29/09/08,"23,955.67"
26/09/08,"25,593.77"
25/09/08,"25,645.50"
24/09/08,"24,944.25"
23/09/08,"24,969.17"
22/09/08,"25,131.91"
19/09/08,"25,701.03"
18/09/08,"24,577.90"
17/09/08,"23,456.84"
15/09/08,"24,618.15"
12/09/08,"25,588.41"
11/09/08,"25,552.49"
10/09/08,"25,622.91"
09/09/08,"25,629.79"
08/09/08,"26,232.56"
05/09/08,"25,904.18"
04/09/08,"26,151.63"
03/09/08,"26,467.79"
02/09/08,"26,522.76"
01/09/08,"26,424.70"
29/08/08,"26,290.99"
28/08/08,"26,444.12"
27/08/08,"26,131.35"
26/08/08,"26,071.46"
25/08/08,"26,416.62"
22/08/08,"26,875.45"
21/08/08,"26,534.97"
20/08/08,"26,865.04"
19/08/08,"26,732.11"
18/08/08,"26,777.48"
15/08/08,"27,340.83"
14/08/08,"27,247.45"
13/08/08,"26,877.07"
12/08/08,"26,636.55"
11/08/08,"26,943.69"
08/08/08,"27,132.79"
07/08/08,"26,986.98"
06/08/08,"27,342.39"
05/08/08,"26,990.19"
04/08/08,"26,487.76"
01/08/08,"26,959.18"
31/07/08,"27,501.02"
30/07/08,"27,474.04"
29/07/08,"27,318.64"
28/07/08,"26,732.84"
25/07/08,"27,084.77"
24/07/08,"27,644.75"
23/07/08,"27,644.75"
22/07/08,"27,592.24"
21/07/08,"27,988.47"
18/07/08,"28,169.77"
17/07/08,"28,215.86"
16/07/08,"27,968.82"
15/07/08,"27,435.80"
14/07/08,"27,517.11"
11/07/08,"27,614.54"
10/07/08,"27,877.33"
09/07/08,"28,095.79"
08/07/08,"28,551.25"
07/07/08,"28,383.53"
04/07/08,"28,338.12"
03/07/08,"28,465.55"
02/07/08,"28,680.83"
01/07/08,"29,221.11"
30/06/08,"29,395.49"
27/06/08,"29,295.00"
26/06/08,"29,199.94"
25/06/08,"29,569.44"
24/06/08,"29,291.61"
23/06/08,"29,464.54"
20/06/08,"29,533.44"
19/06/08,"29,847.85"
18/06/08,"29,618.11"
17/06/08,"29,925.27"
16/06/08,"30,354.18"
13/06/08,"30,413.48"
12/06/08,"30,475.44"
11/06/08,"30,446.24"
10/06/08,"30,898.87"
09/06/08,"30,933.44"
06/06/08,"31,149.06"
05/06/08,"31,726.01"
04/06/08,"31,448.11"
03/06/08,"31,492.64"
02/06/08,"31,636.21"
30/05/08,"31,975.47"
29/05/08,"31,837.27"
28/05/08,"31,647.03"
27/05/08,"31,414.21"
26/05/08,"31,314.55"
23/05/08,"31,068.70"
22/05/08,"31,245.68"
21/05/08,"31,126.07"
20/05/08,"31,526.17"
19/05/08,"31,796.41"
16/05/08,"31,486.95"
15/05/08,"31,542.97"
14/05/08,"31,336.57"
13/05/08,"30,887.40"
12/05/08,"30,637.36"
09/05/08,"30,674.36"
08/05/08,"30,751.97"
07/05/08,"30,762.16"
06/05/08,"31,223.42"
05/05/08,"30,958.89"
02/05/08,"30,551.47"
30/04/08,"30,281.41"
29/04/08,"30,270.64"
28/04/08,"30,623.39"
25/04/08,"31,009.02"
24/04/08,"31,746.23"
23/04/08,"31,847.98"
22/04/08,"32,039.72"
21/04/08,"32,095.04"
18/04/08,"31,795.68"
17/04/08,"31,785.99"
16/04/08,"31,910.21"
15/04/08,"31,375.95"
14/04/08,"31,192.48"
11/04/08,"31,302.57"
10/04/08,"31,649.05"
09/04/08,"31,417.83"
08/04/08,"31,726.86"
07/04/08,"31,715.44"
04/04/08,"31,545.37"
03/04/08,"31,689.61"
02/04/08,"31,467.87"
01/04/08,"31,787.68"
31/03/08,"30,912.99"
28/03/08,"30,089.90"
27/03/08,"29,987.05"
26/03/08,"30,057.26"
25/03/08,"29,981.08"
24/03/08,"29,634.16"
19/03/08,"29,071.34"
18/03/08,"29,515.55"
14/03/08,"29,048.51"
13/03/08,"29,703.09"
12/03/08,"29,283.40"
11/03/08,"29,466.17"
10/03/08,"28,207.29"
07/03/08,"28,612.75"
06/03/08,"28,717.04"
05/03/08,"29,277.35"
04/03/08,"29,261.11"
03/03/08,"29,526.70"
29/02/08,"28,918.52"
28/02/08,"30,130.47"
27/02/08,"30,424.76"
26/02/08,"30,228.08"
25/02/08,"29,962.88"
22/02/08,"29,528.79"
21/02/08,"29,361.32"
20/02/08,"29,224.44"
19/02/08,"28,899.97"
18/02/08,"29,172.21"
15/02/08,"28,744.81"
14/02/08,"29,138.92"
13/02/08,"29,306.76"
12/02/08,"28,869.96"
11/02/08,"28,789.55"
08/02/08,"28,185.26"
07/02/08,"28,088.32"
06/02/08,"27,929.29"
05/02/08,"28,086.97"
01/02/08,"29,429.93"
31/01/08,"28,793.64"
30/01/08,"28,296.80"
29/01/08,"28,263.95"
28/01/08,"27,758.93"
25/01/08,"27,379.92"
24/01/08,"27,905.13"
23/01/08,"27,620.33"
22/01/08,"26,892.74"
21/01/08,"25,284.88"
18/01/08,"26,713.83"
17/01/08,"26,698.66"
16/01/08,"27,343.57"
15/01/08,"27,961.85"
14/01/08,"28,607.45"
11/01/08,"28,723.82"
10/01/08,"29,069.56"
09/01/08,"28,401.61"
08/01/08,"28,267.78"
07/01/08,"28,152.56"
04/01/08,"28,317.92"
03/01/08,"28,860.78"
02/01/08,"28,699.12"
31/12/07,"29,536.83"
28/12/07,"29,700.19"
27/12/07,"29,642.12"
26/12/07,"30,002.46"
24/12/07,"29,853.77"
21/12/07,"29,638.40"
20/12/07,"29,148.45"
19/12/07,"29,074.12"
18/12/07,"29,254.98"
17/12/07,"28,968.20"
14/12/07,"29,994.90"
13/12/07,"30,088.04"
11/12/07,"30,327.36"
10/12/07,"31,182.75"
07/12/07,"31,268.36"
06/12/07,"31,257.30"
05/12/07,"30,761.64"
04/12/07,"29,998.79"
03/12/07,"29,968.53"
30/11/07,"29,770.52"
29/11/07,"29,399.92"
28/11/07,"29,276.39"
27/11/07,"28,124.65"
26/11/07,"27,883.01"
23/11/07,"28,710.87"
22/11/07,"28,520.16"
21/11/07,"28,446.45"
20/11/07,"29,050.52"
16/11/07,"29,631.57"
15/11/07,"29,170.90"
14/11/07,"29,655.68"
13/11/07,"29,484.78"
12/11/07,"28,185.90"
09/11/07,"29,158.86"
08/11/07,"29,289.72"
07/11/07,"29,582.21"
06/11/07,"30,430.50"
05/11/07,"30,157.69"
01/11/07,"30,806.30"
31/10/07,"31,458.67"
30/10/07,"31,783.62"
29/10/07,"32,100.76"
26/10/07,"32,136.76"
25/10/07,"31,886.10"
24/10/07,"32,048.18"
23/10/07,"32,229.44"
22/10/07,"31,969.48"
19/10/07,"31,823.40"
18/10/07,"32,836.12"
17/10/07,"32,721.82"
16/10/07,"32,230.82"
15/10/07,"32,335.86"
12/10/07,"32,473.47"
11/10/07,"31,980.95"
10/10/07,"32,129.40"
09/10/07,"31,801.69"
08/10/07,"31,825.51"
05/10/07,"31,540.94"
04/10/07,"31,078.33"
03/10/07,"31,178.84"
02/10/07,"31,451.79"
01/10/07,"30,855.68"
28/09/07,"30,296.19"
27/09/07,"30,528.00"
26/09/07,"30,303.18"
25/09/07,"30,294.77"
24/09/07,"30,543.45"
21/09/07,"30,583.07"
20/09/07,"30,485.75"
19/09/07,"30,512.64"
18/09/07,"30,603.42"
17/09/07,"29,794.49"
14/09/07,"30,096.03"
13/09/07,"30,302.23"
12/09/07,"30,076.33"
11/09/07,"30,191.14"
10/09/07,"29,893.18"
07/09/07,"30,252.77"
06/09/07,"30,816.95"
05/09/07,"30,809.55"
04/09/07,"30,932.71"
03/09/07,"30,797.60"
31/08/07,"30,347.86"
30/08/07,"29,744.07"
29/08/07,"29,710.78"
28/08/07,"29,326.76"
27/08/07,"30,275.84"
24/08/07,"30,041.54"
23/08/07,"29,459.82"
22/08/07,"29,269.34"
21/08/07,"28,568.43"
20/08/07,"28,453.55"
17/08/07,"28,510.66"
16/08/07,"27,793.16"
15/08/07,"28,140.73"
14/08/07,"28,895.73"
13/08/07,"29,607.20"
10/08/07,"29,420.47"
09/08/07,"29,883.96"
08/08/07,"30,661.87"
07/08/07,"30,239.92"
06/08/07,"29,721.63"
03/08/07,"29,671.77"
02/08/07,"30,394.81"
01/08/07,"30,048.37"
31/07/07,"30,659.66"
30/07/07,"30,900.68"
27/07/07,"30,235.17"
26/07/07,"29,996.60"
25/07/07,"31,103.53"
24/07/07,"31,462.15"
23/07/07,"32,168.43"
20/07/07,"31,922.62"
19/07/07,"32,150.65"
18/07/07,"31,886.74"
17/07/07,"31,979.14"
16/07/07,"32,265.93"
13/07/07,"32,386.51"
12/07/07,"32,261.10"
11/07/07,"31,916.27"
10/07/07,"31,743.02"
09/07/07,"32,088.25"
06/07/07,"32,411.84"
05/07/07,"32,177.83"
04/07/07,"32,201.63"
03/07/07,"32,117.83"
02/07/07,"31,420.69"
29/06/07,"31,151.05"
28/06/07,"31,079.24"
27/06/07,"30,804.21"
26/06/07,"30,744.71"
25/06/07,"31,296.01"
22/06/07,"31,642.26"
21/06/07,"31,830.84"
20/06/07,"31,550.76"
19/06/07,"32,064.99"
18/06/07,"32,218.17"
15/06/07,"32,128.97"
14/06/07,"32,114.09"
13/06/07,"31,884.06"
12/06/07,"31,608.59"
11/06/07,"31,833.44"
08/06/07,"31,466.60"
07/06/07,"31,184.49"
06/06/07,"31,681.76"
05/06/07,"32,271.38"
04/06/07,"32,096.21"
01/06/07,"31,946.40"
31/05/07,"31,398.96"
30/05/07,"31,380.00"
29/05/07,"30,664.73"
28/05/07,"30,928.43"
25/05/07,"30,700.01"
24/05/07,"30,338.58"
23/05/07,"30,869.84"
22/05/07,"30,802.25"
21/05/07,"30,708.73"
18/05/07,"30,676.34"
17/05/07,"30,478.37"
16/05/07,"30,341.25"
15/05/07,"29,619.91"
14/05/07,"29,766.33"
11/05/07,"30,058.75"
10/05/07,"29,653.82"
09/05/07,"29,992.83"
08/05/07,"29,572.40"
07/05/07,"29,776.57"
04/05/07,"30,013.85"
03/05/07,"29,752.95"
02/05/07,"29,259.92"
30/04/07,"28,996.71"
27/04/07,"29,372.93"
26/04/07,"29,342.70"
25/04/07,"29,444.15"
24/04/07,"29,544.18"
23/04/07,"29,593.85"
20/04/07,"29,832.48"
19/04/07,"29,614.05"
18/04/07,"29,559.52"
17/04/07,"29,598.99"
16/04/07,"29,718.66"
13/04/07,"29,762.22"
12/04/07,"29,606.97"
11/04/07,"29,278.75"
10/04/07,"29,515.64"
09/04/07,"29,632.20"
04/04/07,"29,370.94"
03/04/07,"29,348.09"
02/04/07,"29,171.52"
30/03/07,"28,747.69"
29/03/07,"28,704.24"
28/03/07,"28,098.28"
27/03/07,"28,124.33"
26/03/07,"28,158.97"
23/03/07,"28,272.03"
22/03/07,"28,258.80"
21/03/07,"28,219.55"
20/03/07,"27,407.46"
16/03/07,"26,901.42"
15/03/07,"26,883.53"
14/03/07,"26,719.32"
13/03/07,"26,589.20"
12/03/07,"27,261.17"
09/03/07,"27,106.53"
08/03/07,"26,773.79"
07/03/07,"26,184.39"
06/03/07,"26,355.64"
05/03/07,"25,788.37"
02/03/07,"26,321.12"
01/03/07,"26,647.65"
28/02/07,"26,638.95"
27/02/07,"26,418.82"
26/02/07,"28,046.16"
23/02/07,"28,505.72"
22/02/07,"28,676.48"
21/02/07,"28,715.96"
20/02/07,"28,589.66"
19/02/07,"28,590.17"
16/02/07,"28,491.07"
15/02/07,"28,498.75"
14/02/07,"28,539.69"
13/02/07,"28,262.65"
12/02/07,"27,972.23"
09/02/07,"27,906.89"
08/02/07,"28,197.26"
07/02/07,"28,123.76"
06/02/07,"28,067.40"
02/02/07,"27,933.07"
01/02/07,"27,842.76"
31/01/07,"27,561.49"
30/01/07,"27,135.37"
29/01/07,"26,834.05"
26/01/07,"27,045.71"
25/01/07,"26,899.34"
24/01/07,"27,338.30"
23/01/07,"26,810.00"
22/01/07,"26,432.25"
19/01/07,"26,213.38"
18/01/07,"26,112.87"
17/01/07,"26,558.50"
16/01/07,"26,480.33"
15/01/07,"26,480.03"
12/01/07,"26,324.38"
11/01/07,"26,247.90"
10/01/07,"25,885.80"
09/01/07,"25,783.04"
08/01/07,"26,281.64"
05/01/07,"26,135.60"
04/01/07,"26,566.28"
03/01/07,"26,619.37"
02/01/07,"26,664.45"
29/12/06,"26,448.32"
28/12/06,"26,295.21"
27/12/06,"26,196.66"
26/12/06,"25,705.04"
22/12/06,"25,432.64"
21/12/06,"25,546.82"
20/12/06,"25,394.69"
19/12/06,"25,621.50"
18/12/06,"25,857.44"
15/12/06,"25,757.68"
14/12/06,"25,863.39"
13/12/06,"25,690.39"
11/12/06,"25,828.48"
08/12/06,"25,756.81"
07/12/06,"25,639.31"
06/12/06,"25,615.85"
05/12/06,"25,593.92"
04/12/06,"25,207.48"
30/11/06,"24,962.01"
29/11/06,"24,776.09"
28/11/06,"24,344.95"
27/11/06,"24,442.79"
24/11/06,"24,792.89"
23/11/06,"24,730.01"
22/11/06,"24,674.75"
21/11/06,"24,585.68"
17/11/06,"24,196.05"
16/11/06,"24,266.03"
15/11/06,"24,315.60"
14/11/06,"24,288.06"
13/11/06,"24,188.59"
10/11/06,"23,951.63"
09/11/06,"23,941.80"
08/11/06,"23,930.64"
07/11/06,"23,585.14"
06/11/06,"23,733.07"
03/11/06,"23,169.87"
01/11/06,"23,042.28"
31/10/06,"23,046.95"
30/10/06,"22,370.09"
27/10/06,"22,762.86"
26/10/06,"23,361.42"
25/10/06,"23,397.69"
24/10/06,"23,279.77"
23/10/06,"23,321.41"
20/10/06,"23,233.48"
19/10/06,"23,168.52"
18/10/06,"23,012.87"
17/10/06,"22,799.42"
16/10/06,"22,950.18"
13/10/06,"22,848.32"
12/10/06,"22,661.82"
11/10/06,"22,387.08"
10/10/06,"22,523.56"
09/10/06,"22,313.42"
06/10/06,"22,350.05"
05/10/06,"22,326.86"
04/10/06,"22,105.97"
03/10/06,"21,631.00"
02/10/06,"21,619.96"
29/09/06,"21,937.11"
28/09/06,"21,854.48"
27/09/06,"21,748.57"
26/09/06,"21,792.30"
25/09/06,"21,674.74"
22/09/06,"21,390.43"
21/09/06,"21,498.09"
20/09/06,"21,841.45"
19/09/06,"21,659.02"
18/09/06,"21,666.07"
15/09/06,"21,548.87"
14/09/06,"21,334.02"
13/09/06,"21,320.21"
12/09/06,"21,102.77"
11/09/06,"20,612.89"
08/09/06,"20,795.82"
07/09/06,"20,833.23"
06/09/06,"20,965.24"
05/09/06,"21,256.11"
04/09/06,"21,385.63"
01/09/06,"21,192.26"
31/08/06,"21,049.35"
30/08/06,"21,331.09"
29/08/06,"21,282.08"
28/08/06,"21,228.87"
25/08/06,"20,994.94"
24/08/06,"20,751.45"
23/08/06,"20,742.44"
22/08/06,"20,986.89"
21/08/06,"20,861.56"
18/08/06,"21,046.63"
17/08/06,"20,971.78"
16/08/06,"20,900.00"
15/08/06,"20,544.44"
14/08/06,"20,290.49"
11/08/06,"20,273.86"
10/08/06,"20,048.18"
09/08/06,"20,062.37"
08/08/06,"20,342.78"
07/08/06,"20,412.49"
04/08/06,"20,354.99"
03/08/06,"20,261.81"
02/08/06,"20,145.10"
01/08/06,"19,973.20"
31/07/06,"20,095.93"
28/07/06,"20,252.33"
27/07/06,"20,138.79"
26/07/06,"19,913.19"
25/07/06,"20,082.00"
24/07/06,"19,938.70"
21/07/06,"19,527.37"
20/07/06,"19,510.52"
19/07/06,"19,871.78"
18/07/06,"18,885.67"
17/07/06,"18,437.98"
14/07/06,"18,328.66"
13/07/06,"18,725.26"
12/07/06,"19,419.44"
11/07/06,"19,570.21"
10/07/06,"19,700.15"
07/07/06,"19,829.60"
06/07/06,"20,047.62"
05/07/06,"19,514.62"
04/07/06,"20,329.49"
03/07/06,"20,060.82"
30/06/06,"19,147.17"
29/06/06,"18,908.33"
28/06/06,"18,101.83"
27/06/06,"18,021.47"
26/06/06,"18,491.40"
23/06/06,"18,545.73"
22/06/06,"18,188.40"
21/06/06,"18,156.21"
20/06/06,"17,781.28"
19/06/06,"17,581.88"
16/06/06,"18,041.79"
15/06/06,"17,932.33"
14/06/06,"16,802.10"
13/06/06,"16,653.15"
12/06/06,"16,986.27"
09/06/06,"17,748.74"
08/06/06,"18,257.64"
07/06/06,"18,413.44"
06/06/06,"18,798.28"
05/06/06,"18,954.92"
02/06/06,"19,421.73"
01/06/06,"19,128.63"
31/05/06,"18,677.92"
30/05/06,"18,841.34"
29/05/06,"19,500.54"
26/05/06,"19,585.21"
25/05/06,"19,405.71"
24/05/06,"18,805.57"
23/05/06,"19,084.83"
22/05/06,"19,369.29"
19/05/06,"20,182.14"
18/05/06,"20,217.02"
17/05/06,"20,261.86"
16/05/06,"20,851.06"
15/05/06,"20,722.13"
12/05/06,"21,154.90"
11/05/06,"21,435.27"
10/05/06,"21,781.07"
09/05/06,"21,822.93"
08/05/06,"21,608.67"
05/05/06,"21,237.45"
04/05/06,"21,293.66"
03/05/06,"21,159.16"
02/05/06,"21,079.87"
28/04/06,"20,646.19"
27/04/06,"20,390.62"
26/04/06,"20,566.91"
25/04/06,"20,360.61"
24/04/06,"20,198.71"
21/04/06,"20,174.64"
20/04/06,"19,979.54"
19/04/06,"19,933.09"
18/04/06,"19,820.07"
17/04/06,"19,632.34"
12/04/06,"19,322.62"
11/04/06,"19,465.15"
10/04/06,"19,548.35"
07/04/06,"19,472.36"
06/04/06,"19,869.71"
05/04/06,"19,930.63"
04/04/06,"19,764.08"
03/04/06,"19,634.21"
31/03/06,"19,272.63"
30/03/06,"19,214.00"
29/03/06,"19,132.34"
28/03/06,"18,929.98"
27/03/06,"19,226.32"
24/03/06,"19,339.30"
23/03/06,"19,255.87"
22/03/06,"19,598.11"
20/03/06,"19,581.12"
17/03/06,"19,345.80"
16/03/06,"19,166.43"
15/03/06,"18,999.64"
14/03/06,"18,941.04"
13/03/06,"18,706.19"
10/03/06,"18,420.17"
09/03/06,"18,310.57"
08/03/06,"18,398.82"
07/03/06,"18,551.07"
06/03/06,"18,991.46"
03/03/06,"19,189.25"
02/03/06,"19,102.33"
01/03/06,"19,058.74"
28/02/06,"18,706.32"
27/02/06,"18,854.67"
24/02/06,"19,100.89"
23/02/06,"19,117.72"
22/02/06,"18,780.46"
21/02/06,"18,497.38"
20/02/06,"18,542.58"
17/02/06,"18,480.78"
16/02/06,"18,457.24"
15/02/06,"18,169.16"
14/02/06,"18,023.01"
13/02/06,"17,883.63"
10/02/06,"18,298.58"
09/02/06,"18,518.33"
08/02/06,"18,410.24"
07/02/06,"18,665.06"
03/02/06,"18,862.18"
02/02/06,"19,060.38"
01/02/06,"19,162.38"
31/01/06,"18,907.10"
30/01/06,"18,849.24"
27/01/06,"18,956.50"
26/01/06,"19,216.75"
25/01/06,"18,866.37"
24/01/06,"18,875.41"
23/01/06,"18,447.11"
20/01/06,"18,346.23"
19/01/06,"18,521.45"
18/01/06,"18,265.96"
17/01/06,"18,489.63"
16/01/06,"18,958.29"
13/01/06,"18,889.20"
12/01/06,"18,925.01"
11/01/06,"19,160.44"
10/01/06,"18,912.38"
09/01/06,"18,998.83"
06/01/06,"18,736.78"
05/01/06,"18,608.34"
04/01/06,"18,669.23"
03/01/06,"18,500.69"
02/01/06,"17,925.70"
30/12/05,"17,802.71"
29/12/05,"17,832.80"
28/12/05,"17,690.70"
27/12/05,"17,832.64"
26/12/05,"17,776.88"
23/12/05,"17,802.28"
22/12/05,"17,768.90"
21/12/05,"17,781.51"
20/12/05,"17,680.95"
19/12/05,"17,666.41"
16/12/05,"17,737.59"
15/12/05,"17,922.47"
14/12/05,"18,054.03"
13/12/05,"17,819.68"
09/12/05,"17,554.48"
08/12/05,"17,211.02"
07/12/05,"17,244.19"
06/12/05,"17,424.43"
05/12/05,"17,271.06"
02/12/05,"17,150.99"
01/12/05,"17,133.83"
30/11/05,"16,830.96"
29/11/05,"16,694.95"
28/11/05,"16,836.11"
25/11/05,"16,879.37"
24/11/05,"16,750.44"
23/11/05,"16,713.91"
22/11/05,"16,866.84"
21/11/05,"16,767.07"
18/11/05,"16,545.44"
17/11/05,"16,455.39"
16/11/05,"16,310.68"
15/11/05,"16,193.58"
14/11/05,"16,293.53"
11/11/05,"16,137.07"
10/11/05,"16,153.08"
09/11/05,"15,981.18"
08/11/05,"15,930.71"
07/11/05,"15,944.15"
04/11/05,"15,900.53"
03/11/05,"15,798.04"
02/11/05,"15,896.48"
01/11/05,"15,922.52"
31/10/05,"15,759.73"
28/10/05,"15,579.68"
27/10/05,"15,437.63"
26/10/05,"15,666.22"
25/10/05,"15,367.87"
24/10/05,"15,356.32"
21/10/05,"14,903.36"
20/10/05,"14,821.10"
19/10/05,"15,111.95"
18/10/05,"15,084.84"
17/10/05,"15,282.73"
14/10/05,"14,892.88"
13/10/05,"14,924.73"
12/10/05,"15,103.16"
11/10/05,"15,445.37"
10/10/05,"15,466.41"
07/10/05,"15,447.59"
06/10/05,"15,247.60"
05/10/05,"15,720.35"
04/10/05,"15,933.41"
03/10/05,"16,051.02"
30/09/05,"16,120.08"
29/09/05,"15,841.84"
28/09/05,"15,869.33"
27/09/05,"15,801.81"
26/09/05,"15,765.53"
23/09/05,"15,649.33"
22/09/05,"15,661.13"
21/09/05,"15,734.41"
20/09/05,"15,563.47"
19/09/05,"15,656.84"
15/09/05,"15,428.78"
14/09/05,"15,221.39"
13/09/05,"15,087.29"
12/09/05,"15,190.17"
09/09/05,"15,212.88"
08/09/05,"15,055.92"
07/09/05,"15,246.23"
06/09/05,"15,030.62"
05/09/05,"14,857.31"
02/09/05,"14,772.70"
01/09/05,"14,486.59"
31/08/05,"14,243.19"
30/08/05,"14,008.20"
29/08/05,"14,327.20"
26/08/05,"14,444.84"
25/08/05,"14,604.61"
24/08/05,"14,603.00"
23/08/05,"14,717.91"
22/08/05,"14,770.27"
19/08/05,"14,678.16"
18/08/05,"14,619.98"
17/08/05,"14,560.33"
16/08/05,"14,559.19"
15/08/05,"14,842.70"
12/08/05,"14,673.22"
11/08/05,"14,768.95"
10/08/05,"14,702.58"
09/08/05,"14,673.34"
08/08/05,"14,596.77"
05/08/05,"14,463.14"
04/08/05,"14,612.22"
03/08/05,"14,615.96"
02/08/05,"14,677.66"
01/08/05,"14,582.50"
29/07/05,"14,409.66"
28/07/05,"14,256.84"
27/07/05,"14,173.38"
26/07/05,"14,067.73"
25/07/05,"14,135.24"
22/07/05,"14,318.47"
21/07/05,"14,271.89"
20/07/05,"14,306.06"
19/07/05,"14,167.51"
18/07/05,"13,972.61"
15/07/05,"13,952.60"
14/07/05,"14,085.06"
13/07/05,"14,005.23"
12/07/05,"13,971.67"
11/07/05,"13,807.30"
08/07/05,"13,871.26"
07/07/05,"13,850.36"
06/07/05,"13,790.15"
05/07/05,"13,648.47"
04/07/05,"13,500.83"
01/07/05,"13,509.13"
30/06/05,"13,486.13"
29/06/05,"13,550.14"
28/06/05,"13,523.07"
27/06/05,"13,454.73"
24/06/05,"13,299.28"
23/06/05,"13,389.66"
22/06/05,"13,441.65"
21/06/05,"13,547.99"
20/06/05,"13,709.36"
17/06/05,"13,645.96"
16/06/05,"13,537.28"
15/06/05,"13,501.51"
14/06/05,"13,343.10"
13/06/05,"13,299.59"
10/06/05,"13,214.60"
09/06/05,"13,225.28"
08/06/05,"13,102.66"
07/06/05,"13,148.03"
06/06/05,"13,208.43"
03/06/05,"13,204.39"
02/06/05,"13,284.89"
01/06/05,"13,143.62"
31/05/05,"12,964.39"
30/05/05,"13,161.78"
27/05/05,"13,131.39"
26/05/05,"13,152.64"
25/05/05,"13,057.84"
24/05/05,"13,020.72"
23/05/05,"13,029.58"
20/05/05,"12,883.46"
19/05/05,"12,795.33"
18/05/05,"12,727.74"
17/05/05,"12,439.46"
16/05/05,"12,442.27"
13/05/05,"12,347.72"
12/05/05,"12,448.73"
11/05/05,"12,464.84"
10/05/05,"12,497.43"
09/05/05,"12,563.02"
06/05/05,"12,615.83"
05/05/05,"12,619.91"
04/05/05,"12,643.04"
03/05/05,"12,357.88"
02/05/05,"12,424.95"
29/04/05,"12,322.99"
28/04/05,"12,255.91"
27/04/05,"12,454.69"
26/04/05,"12,577.72"
25/04/05,"12,377.10"
22/04/05,"11,995.32"
21/04/05,"12,063.62"
20/04/05,"11,842.72"
19/04/05,"12,011.53"
18/04/05,"11,739.99"
15/04/05,"11,942.70"
14/04/05,"12,233.21"
13/04/05,"12,424.37"
12/04/05,"12,522.24"
11/04/05,"12,425.41"
08/04/05,"12,531.63"
07/04/05,"12,471.01"
06/04/05,"12,170.87"
05/04/05,"12,300.70"
04/04/05,"12,593.38"
01/04/05,"12,714.19"
31/03/05,"12,676.90"
30/03/05,"12,653.42"
29/03/05,"12,581.80"
28/03/05,"12,828.91"
23/03/05,"12,852.81"
22/03/05,"13,062.45"
18/03/05,"13,094.40"
17/03/05,"13,138.76"
16/03/05,"13,096.55"
15/03/05,"13,184.27"
14/03/05,"13,238.54"
11/03/05,"13,532.35"
10/03/05,"13,421.39"
09/03/05,"13,671.40"
08/03/05,"13,752.80"
07/03/05,"13,877.69"
04/03/05,"13,862.76"
03/03/05,"13,782.95"
02/03/05,"13,770.26"
01/03/05,"13,804.77"
28/02/05,"13,789.46"
25/02/05,"13,870.20"
24/02/05,"13,684.56"
23/02/05,"13,541.96"
22/02/05,"13,520.59"
21/02/05,"13,600.47"
18/02/05,"13,580.26"
17/02/05,"13,592.03"
16/02/05,"13,640.76"
15/02/05,"13,695.91"
14/02/05,"13,564.96"
11/02/05,"13,714.63"
10/02/05,"13,708.92"
09/02/05,"13,662.38"
08/02/05,"13,508.50"
07/02/05,"13,476.77"
04/02/05,"13,446.95"
03/02/05,"13,440.83"
02/02/05,"13,339.41"
01/02/05,"13,340.52"
31/01/05,"13,097.12"
28/01/05,"13,040.53"
27/01/05,"12,986.40"
26/01/05,"13,045.05"
25/01/05,"12,866.78"
24/01/05,"12,743.58"
21/01/05,"12,673.62"
20/01/05,"12,769.99"
19/01/05,"13,035.81"
18/01/05,"13,029.70"
17/01/05,"12,817.89"
14/01/05,"12,694.74"
13/01/05,"12,462.90"
12/01/05,"12,329.16"
11/01/05,"12,216.80"
10/01/05,"12,446.10"
07/01/05,"12,453.33"
06/01/05,"12,703.47"
05/01/05,"12,591.33"
04/01/05,"12,777.13"
03/01/05,"13,022.82"
31/12/04,"12,917.88"
30/12/04,"12,968.74"
29/12/04,"13,031.57"
28/12/04,"12,912.69"
27/12/04,"12,819.61"
24/12/04,"12,802.77"
23/12/04,"12,748.45"
22/12/04,"12,712.20"
21/12/04,"12,651.73"
20/12/04,"12,514.07"
17/12/04,"12,519.79"
16/12/04,"12,505.45"
15/12/04,"12,493.85"
14/12/04,"12,430.86"
13/12/04,"12,290.16"
10/12/04,"12,260.86"
09/12/04,"12,124.82"
08/12/04,"12,113.58"
07/12/04,"12,118.31"
06/12/04,"12,190.26"
03/12/04,"12,109.47"
02/12/04,"12,116.13"
01/12/04,"12,233.91"
30/11/04,"12,102.55"
29/11/04,"12,196.39"
26/11/04,"12,076.08"
25/11/04,"11,997.64"
24/11/04,"11,907.32"
23/11/04,"11,876.58"
22/11/04,"11,879.82"
19/11/04,"11,839.21"
18/11/04,"12,038.94"
17/11/04,"12,020.38"
16/11/04,"11,951.16"
15/11/04,"11,955.39"
12/11/04,"11,957.32"
11/11/04,"11,971.95"
10/11/04,"11,794.02"
09/11/04,"11,786.91"
08/11/04,"11,760.00"
05/11/04,"11,793.87"
04/11/04,"11,864.42"
03/11/04,"11,765.77"
02/11/04,"11,610.41"
01/11/04,"11,622.41"
29/10/04,"11,564.35"
28/10/04,"11,442.45"
27/10/04,"11,517.71"
26/10/04,"11,341.58"
25/10/04,"11,178.01"
22/10/04,"11,226.08"
21/10/04,"11,166.89"
20/10/04,"11,076.85"
19/10/04,"11,023.79"
18/10/04,"11,055.76"
15/10/04,"10,991.43"
14/10/04,"10,876.00"
13/10/04,"10,942.36"
12/10/04,"11,023.16"
11/10/04,"10,975.29"
08/10/04,"10,920.97"
07/10/04,"11,097.96"
06/10/04,"11,090.92"
05/10/04,"11,117.34"
04/10/04,"11,181.63"
01/10/04,"11,078.26"
30/09/04,"10,957.37"
29/09/04,"10,980.32"
28/09/04,"10,843.42"
27/09/04,"10,687.60"
24/09/04,"10,856.44"
23/09/04,"10,811.36"
22/09/04,"10,777.23"
21/09/04,"10,850.36"
20/09/04,"10,803.68"
17/09/04,"10,790.53"
15/09/04,"10,660.91"
14/09/04,"10,701.05"
13/09/04,"10,620.38"
10/09/04,"10,661.53"
09/09/04,"10,553.41"
08/09/04,"10,537.96"
07/09/04,"10,486.80"
06/09/04,"10,376.11"
03/09/04,"10,335.01"
02/09/04,"10,422.63"
01/09/04,"10,329.75"
31/08/04,"10,264.32"
30/08/04,"10,199.54"
27/08/04,"10,225.06"
26/08/04,"10,198.38"
25/08/04,"10,237.89"
24/08/04,"10,222.68"
23/08/04,"10,169.19"
20/08/04,"10,143.43"
19/08/04,"10,099.61"
18/08/04,"10,080.55"
17/08/04,"9,997.03"
16/08/04,"9,899.52"
13/08/04,"9,790.62"
12/08/04,"9,812.66"
11/08/04,"9,849.93"
10/08/04,"9,910.84"
09/08/04,"9,814.06"
06/08/04,"9,866.13"
05/08/04,"10,066.90"
04/08/04,"10,075.80"
03/08/04,"10,205.61"
02/08/04,"10,173.90"
30/07/04,"10,116.39"
29/07/04,"10,060.29"
28/07/04,"10,090.56"
27/07/04,"10,119.96"
26/07/04,"9,921.40"
23/07/04,"9,907.67"
22/07/04,"9,987.33"
21/07/04,"9,987.06"
20/07/04,"10,025.13"
19/07/04,"9,921.16"
16/07/04,"9,923.92"
15/07/04,"9,875.57"
14/07/04,"9,843.02"
13/07/04,"10,033.90"
12/07/04,"10,090.42"
09/07/04,"10,042.34"
08/07/04,"9,975.12"
07/07/04,"10,042.02"
06/07/04,"10,121.12"
05/07/04,"10,222.45"
02/07/04,"10,240.84"
01/07/04,"10,260.96"
30/06/04,"10,281.82"
29/06/04,"10,137.42"
28/06/04,"10,137.03"
25/06/04,"10,128.79"
24/06/04,"10,182.54"
23/06/04,"10,137.88"
22/06/04,"10,140.25"
21/06/04,"10,187.92"
18/06/04,"10,224.39"
17/06/04,"10,175.33"
16/06/04,"10,151.60"
15/06/04,"10,220.69"
14/06/04,"10,093.02"
11/06/04,"10,214.51"
10/06/04,"10,230.50"
09/06/04,"10,219.03"
08/06/04,"10,336.12"
07/06/04,"10,368.62"
04/06/04,"10,057.59"
03/06/04,"9,907.59"
02/06/04,"9,981.89"
01/06/04,"10,043.32"
31/05/04,"10,036.29"
28/05/04,"10,028.42"
27/05/04,"10,153.61"
26/05/04,"10,062.58"
25/05/04,"9,991.20"
24/05/04,"9,891.49"
21/05/04,"9,822.39"
20/05/04,"9,810.78"
19/05/04,"9,767.63"
18/05/04,"9,730.16"
17/05/04,"9,605.62"
14/05/04,"9,786.32"
13/05/04,"9,784.09"
12/05/04,"9,690.67"
11/05/04,"9,648.10"
10/05/04,"9,440.57"
07/05/04,"9,790.99"
06/05/04,"9,852.41"
05/05/04,"10,114.49"
04/05/04,"10,333.17"
03/05/04,"10,191.52"
30/04/04,"9,948.13"
29/04/04,"9,980.51"
28/04/04,"10,240.91"
27/04/04,"10,606.63"
26/04/04,"10,648.77"
23/04/04,"10,721.62"
22/04/04,"10,645.15"
21/04/04,"10,539.40"
20/04/04,"10,663.44"
19/04/04,"10,646.81"
16/04/04,"10,677.14"
15/04/04,"10,610.42"
14/04/04,"10,609.92"
13/04/04,"10,686.59"
12/04/04,"10,844.03"
07/04/04,"10,746.58"
06/04/04,"10,714.28"
05/04/04,"10,749.23"
02/04/04,"10,713.54"
01/04/04,"10,611.87"
31/03/04,"10,517.50"
30/03/04,"10,468.75"
29/03/04,"10,455.51"
26/03/04,"10,432.00"
25/03/04,"10,344.79"
24/03/04,"10,161.65"
23/03/04,"10,053.89"
22/03/04,"9,928.32"
19/03/04,"10,039.68"
18/03/04,"9,952.01"
17/03/04,"9,959.41"
16/03/04,"9,877.29"
15/03/04,"9,791.35"
12/03/04,"9,837.33"
11/03/04,"9,725.83"
10/03/04,"9,978.71"
09/03/04,"10,079.20"
08/03/04,"10,095.87"
05/03/04,"10,195.03"
04/03/04,"10,196.17"
03/03/04,"10,053.18"
02/03/04,"10,106.44"
01/03/04,"10,157.13"
27/02/04,"9,991.80"
26/02/04,"10,003.57"
25/02/04,"9,926.67"
24/02/04,"9,855.03"
23/02/04,"9,764.39"
20/02/04,"9,888.73"
19/02/04,"10,072.23"
18/02/04,"10,125.04"
17/02/04,"10,100.05"
16/02/04,"10,004.69"
13/02/04,"9,982.87"
12/02/04,"9,960.05"
11/02/04,"9,875.32"
10/02/04,"9,804.94"
09/02/04,"9,882.35"
06/02/04,"9,810.77"
04/02/04,"9,674.18"
03/02/04,"9,702.85"
02/02/04,"9,633.86"
30/01/04,"9,428.77"
29/01/04,"9,444.23"
28/01/04,"9,551.13"
27/01/04,"9,612.14"
26/01/04,"9,563.91"
23/01/04,"9,480.24"
22/01/04,"9,497.01"
21/01/04,"9,427.80"
20/01/04,"9,322.82"
19/01/04,"9,242.57"
16/01/04,"9,193.81"
15/01/04,"9,135.16"
14/01/04,"9,171.66"
13/01/04,"9,141.58"
12/01/04,"9,129.05"
09/01/04,"9,102.82"
08/01/04,"9,169.81"
07/01/04,"9,098.22"
06/01/04,"9,038.46"
05/01/04,"9,054.11"
02/01/04,"8,818.19"
31/12/03,"8,795.28"
30/12/03,"8,771.43"
29/12/03,"8,729.53"
26/12/03,"8,632.13"
24/12/03,"8,636.05"
23/12/03,"8,607.96"
22/12/03,"8,564.90"
19/12/03,"8,564.90"
18/12/03,"8,519.70"
17/12/03,"8,416.07"
16/12/03,"8,348.34"
15/12/03,"8,337.97"
11/12/03,"8,441.09"
10/12/03,"8,342.11"
09/12/03,"8,429.03"
08/12/03,"8,509.38"
05/12/03,"8,489.54"
04/12/03,"8,528.81"
03/12/03,"8,553.74"
02/12/03,"8,635.44"
01/12/03,"8,621.11"
28/11/03,"8,554.48"
27/11/03,"8,455.98"
26/11/03,"8,385.40"
25/11/03,"8,288.81"
24/11/03,"8,164.73"
21/11/03,"8,335.12"
19/11/03,"8,351.29"
18/11/03,"8,542.00"
17/11/03,"8,488.65"
14/11/03,"8,606.03"
13/11/03,"8,643.93"
12/11/03,"8,539.31"
11/11/03,"8,365.51"
10/11/03,"8,372.10"
07/11/03,"8,430.60"
06/11/03,"8,342.63"
05/11/03,"8,232.06"
04/11/03,"8,265.85"
03/11/03,"8,237.16"
31/10/03,"8,064.83"
30/10/03,"8,022.94"
29/10/03,"7,925.20"
28/10/03,"7,928.72"
27/10/03,"7,905.21"
24/10/03,"7,842.86"
23/10/03,"7,874.05"
22/10/03,"7,914.14"
21/10/03,"7,936.68"
20/10/03,"7,875.77"
17/10/03,"7,859.82"
16/10/03,"7,838.14"
15/10/03,"7,843.70"
14/10/03,"7,886.72"
13/10/03,"7,960.42"
10/10/03,"7,949.03"
09/10/03,"7,937.00"
08/10/03,"7,812.07"
07/10/03,"7,825.01"
06/10/03,"7,816.31"
03/10/03,"7,838.77"
02/10/03,"7,775.80"
01/10/03,"7,937.18"
30/09/03,"7,822.48"
29/09/03,"7,836.36"
26/09/03,"7,786.22"
25/09/03,"7,771.93"
24/09/03,"7,788.08"
23/09/03,"7,834.47"
22/09/03,"7,815.47"
19/09/03,"7,891.67"
18/09/03,"7,868.28"
17/09/03,"7,746.54"
15/09/03,"7,729.14"
12/09/03,"7,712.75"
11/09/03,"7,741.87"
10/09/03,"7,734.72"
09/09/03,"7,732.90"
08/09/03,"7,814.63"
05/09/03,"7,775.34"
04/09/03,"7,719.48"
03/09/03,"7,719.12"
02/09/03,"7,671.74"
01/09/03,"7,631.82"
29/08/03,"7,591.42"
28/08/03,"7,563.49"
27/08/03,"7,502.08"
26/08/03,"7,437.72"
25/08/03,"7,435.33"
22/08/03,"7,493.73"
21/08/03,"7,498.31"
20/08/03,"7,460.15"
19/08/03,"7,487.57"
18/08/03,"7,500.01"
15/08/03,"7,418.43"
14/08/03,"7,421.74"
13/08/03,"7,368.92"
12/08/03,"7,358.37"
11/08/03,"7,356.62"
08/08/03,"7,316.69"
07/08/03,"7,304.67"
06/08/03,"7,230.07"
05/08/03,"7,273.45"
04/08/03,"7,344.43"
01/08/03,"7,320.41"
31/07/03,"7,355.07"
30/07/03,"7,260.20"
29/07/03,"7,233.20"
28/07/03,"7,314.22"
25/07/03,"7,349.96"
24/07/03,"7,309.41"
23/07/03,"7,280.65"
22/07/03,"7,164.29"
21/07/03,"7,024.73"
18/07/03,"7,030.76"
17/07/03,"6,999.07"
16/07/03,"7,023.94"
15/07/03,"7,120.31"
14/07/03,"7,167.54"
11/07/03,"7,083.82"
10/07/03,"7,096.04"
09/07/03,"7,171.89"
08/07/03,"7,234.94"
07/07/03,"7,215.03"
04/07/03,"7,142.85"
03/07/03,"7,127.42"
02/07/03,"7,164.02"
01/07/03,"7,123.54"
30/06/03,"7,054.99"
27/06/03,"7,083.45"
26/06/03,"7,118.47"
25/06/03,"7,078.36"
24/06/03,"7,114.40"
23/06/03,"7,015.08"
20/06/03,"7,080.69"
19/06/03,"7,084.01"
18/06/03,"7,125.41"
17/06/03,"7,130.23"
16/06/03,"7,019.49"
13/06/03,"6,984.63"
12/06/03,"7,060.50"
11/06/03,"6,979.68"
10/06/03,"6,924.99"
09/06/03,"6,801.59"
06/06/03,"6,870.60"
05/06/03,"6,873.39"
04/06/03,"6,889.76"
03/06/03,"6,738.97"
02/06/03,"6,722.24"
30/05/03,"6,699.18"
29/05/03,"6,647.71"
28/05/03,"6,667.35"
27/05/03,"6,650.31"
26/05/03,"6,545.78"
23/05/03,"6,586.92"
22/05/03,"6,510.89"
21/05/03,"6,410.82"
20/05/03,"6,388.49"
19/05/03,"6,469.18"
16/05/03,"6,556.91"
15/05/03,"6,633.51"
14/05/03,"6,549.79"
13/05/03,"6,491.89"
12/05/03,"6,496.43"
09/05/03,"6,488.49"
08/05/03,"6,408.62"
07/05/03,"6,575.29"
06/05/03,"6,614.68"
05/05/03,"6,608.18"
02/05/03,"6,590.92"
30/04/03,"6,509.88"
29/04/03,"6,499.69"
28/04/03,"6,428.20"
25/04/03,"6,333.00"
24/04/03,"6,379.44"
23/04/03,"6,385.11"
22/04/03,"6,373.91"
21/04/03,"6,326.65"
16/04/03,"6,306.60"
15/04/03,"6,333.59"
14/04/03,"6,232.74"
11/04/03,"6,175.22"
10/04/03,"6,154.02"
09/04/03,"6,212.14"
08/04/03,"6,259.46"
07/04/03,"6,257.13"
04/04/03,"6,158.97"
03/04/03,"6,034.74"
02/04/03,"6,008.51"
01/04/03,"5,895.76"
31/03/03,"5,914.03"
28/03/03,"5,947.48"
27/03/03,"5,951.34"
26/03/03,"5,952.38"
25/03/03,"5,937.99"
24/03/03,"5,924.34"
20/03/03,"6,048.41"
19/03/03,"6,017.43"
18/03/03,"6,042.76"
17/03/03,"6,009.92"
14/03/03,"5,993.01"
13/03/03,"5,931.96"
12/03/03,"5,809.97"
11/03/03,"5,821.10"
10/03/03,"5,859.77"
07/03/03,"5,907.93"
06/03/03,"5,913.92"
05/03/03,"5,914.41"
04/03/03,"5,911.24"
03/03/03,"5,926.65"
28/02/03,"5,927.06"
27/02/03,"5,900.02"
26/02/03,"5,869.79"
25/02/03,"5,869.21"
24/02/03,"5,913.68"
21/02/03,"5,956.97"
20/02/03,"5,880.90"
19/02/03,"5,857.35"
18/02/03,"5,880.01"
17/02/03,"5,829.87"
14/02/03,"5,774.39"
13/02/03,"5,791.39"
12/02/03,"5,763.87"
11/02/03,"5,779.45"
10/02/03,"5,837.89"
07/02/03,"5,866.03"
06/02/03,"5,894.27"
04/02/03,"5,968.46"
03/02/03,"6,031.81"
31/01/03,"5,954.35"
30/01/03,"5,870.51"
29/01/03,"5,937.97"
28/01/03,"5,919.70"
27/01/03,"5,923.33"
24/01/03,"6,012.56"
23/01/03,"6,054.44"
22/01/03,"6,024.09"
21/01/03,"6,092.13"
20/01/03,"6,161.12"
17/01/03,"6,204.46"
16/01/03,"6,331.99"
15/01/03,"6,398.90"
14/01/03,"6,407.00"
13/01/03,"6,364.64"
10/01/03,"6,353.03"
09/01/03,"6,329.96"
08/01/03,"6,266.48"
07/01/03,"6,279.28"
06/01/03,"6,333.46"
03/01/03,"6,253.34"
02/01/03,"6,225.40"
31/12/02,"6,127.09"
30/12/02,"6,124.51"
27/12/02,"6,126.24"
26/12/02,"6,182.91"
24/12/02,"6,151.48"
23/12/02,"6,153.22"
20/12/02,"6,130.83"
19/12/02,"6,120.46"
18/12/02,"6,089.66"
17/12/02,"6,168.46"
16/12/02,"6,185.95"
13/12/02,"6,114.20"
11/12/02,"6,135.39"
10/12/02,"6,081.52"
09/12/02,"6,053.75"
06/12/02,"6,126.23"
05/12/02,"6,152.01"
04/12/02,"6,187.67"
03/12/02,"6,221.68"
02/12/02,"6,223.59"
29/11/02,"6,156.83"
28/11/02,"6,158.49"
27/11/02,"6,129.25"
26/11/02,"5,922.41"
25/11/02,"5,861.82"
22/11/02,"5,818.43"
21/11/02,"5,859.05"
19/11/02,"5,641.74"
18/11/02,"5,726.00"
15/11/02,"5,819.09"
14/11/02,"5,898.06"
13/11/02,"5,813.36"
12/11/02,"5,865.11"
11/11/02,"5,891.79"
08/11/02,"5,988.53"
07/11/02,"6,009.93"
06/11/02,"6,064.00"
05/11/02,"6,040.17"
04/11/02,"6,058.90"
01/11/02,"6,045.16"
31/10/02,"5,967.73"
30/10/02,"5,963.83"
29/10/02,"5,893.76"
28/10/02,"5,887.29"
25/10/02,"5,905.58"
24/10/02,"5,908.07"
23/10/02,"6,000.62"
22/10/02,"5,979.57"
21/10/02,"6,017.37"
18/10/02,"5,973.21"
17/10/02,"5,985.77"
16/10/02,"5,924.94"
15/10/02,"6,040.32"
14/10/02,"5,865.18"
11/10/02,"5,845.33"
10/10/02,"5,762.15"
09/10/02,"5,762.40"
08/10/02,"5,849.42"
07/10/02,"5,853.55"
04/10/02,"5,869.22"
03/10/02,"5,898.38"
02/10/02,"5,827.71"
01/10/02,"5,926.66"
30/09/02,"5,728.46"
27/09/02,"5,801.12"
26/09/02,"5,956.93"
25/09/02,"5,808.44"
24/09/02,"5,705.67"
23/09/02,"5,741.73"
20/09/02,"5,788.78"
19/09/02,"5,645.00"
18/09/02,"5,960.38"
17/09/02,"6,079.95"
13/09/02,"6,190.52"
12/09/02,"6,219.93"
11/09/02,"6,260.61"
10/09/02,"6,225.16"
09/09/02,"6,159.90"
06/09/02,"6,113.32"
05/09/02,"6,067.25"
04/09/02,"6,114.35"
03/09/02,"6,094.29"
02/09/02,"6,165.93"
30/08/02,"6,216.43"
29/08/02,"6,181.67"
28/08/02,"6,115.56"
27/08/02,"6,157.42"
26/08/02,"6,262.44"
23/08/02,"6,148.89"
22/08/02,"6,239.49"
21/08/02,"6,267.88"
20/08/02,"6,192.91"
19/08/02,"6,200.87"
16/08/02,"6,190.60"
15/08/02,"6,146.11"
14/08/02,"6,053.60"
13/08/02,"5,841.90"
12/08/02,"5,901.83"
09/08/02,"5,913.21"
08/08/02,"6,029.77"
07/08/02,"5,855.90"
06/08/02,"5,747.44"
05/08/02,"5,534.47"
02/08/02,"5,644.70"
01/08/02,"5,755.99"
31/07/02,"6,021.84"
30/07/02,"6,014.68"
29/07/02,"6,103.88"
26/07/02,"5,900.44"
25/07/02,"5,922.34"
24/07/02,"6,010.42"
23/07/02,"5,892.41"
22/07/02,"6,113.83"
19/07/02,"6,336.95"
18/07/02,"6,433.83"
17/07/02,"6,403.28"
16/07/02,"6,316.16"
15/07/02,"6,372.08"
12/07/02,"6,400.42"
11/07/02,"6,390.17"
10/07/02,"6,371.27"
09/07/02,"6,460.95"
08/07/02,"6,488.92"
05/07/02,"6,462.83"
04/07/02,"6,352.89"
03/07/02,"6,326.49"
02/07/02,"6,306.52"
01/07/02,"6,363.05"
28/06/02,"6,460.95"
27/06/02,"6,400.89"
26/06/02,"6,171.63"
25/06/02,"6,354.26"
24/06/02,"6,331.32"
21/06/02,"6,502.97"
20/06/02,"6,580.81"
19/06/02,"6,691.04"
18/06/02,"6,765.19"
17/06/02,"6,788.94"
14/06/02,"6,720.37"
12/06/02,"6,801.65"
11/06/02,"6,862.89"
10/06/02,"6,835.00"
07/06/02,"6,857.42"
06/06/02,"6,791.91"
05/06/02,"6,974.92"
04/06/02,"7,016.14"
03/06/02,"6,997.05"
31/05/02,"7,031.64"
30/05/02,"7,061.40"
29/05/02,"7,130.71"
28/05/02,"7,303.57"
27/05/02,"7,357.24"
24/05/02,"7,366.43"
23/05/02,"7,398.50"
22/05/02,"7,385.15"
21/05/02,"7,385.92"
20/05/02,"7,469.68"
17/05/02,"7,537.82"
16/05/02,"7,514.90"
15/05/02,"7,402.80"
14/05/02,"7,361.94"
13/05/02,"7,307.16"
10/05/02,"7,303.57"
09/05/02,"7,351.08"
08/05/02,"7,517.84"
07/05/02,"7,431.89"
06/05/02,"7,542.48"
03/05/02,"7,521.95"
02/05/02,"7,486.86"
30/04/02,"7,480.74"
29/04/02,"7,434.19"
26/04/02,"7,491.78"
25/04/02,"7,476.37"
24/04/02,"7,504.73"
23/04/02,"7,403.38"
22/04/02,"7,435.13"
19/04/02,"7,509.22"
18/04/02,"7,532.14"
17/04/02,"7,574.35"
16/04/02,"7,535.07"
15/04/02,"7,396.72"
12/04/02,"7,391.25"
11/04/02,"7,441.52"
10/04/02,"7,517.68"
09/04/02,"7,271.22"
08/04/02,"7,271.77"
05/04/02,"7,335.76"
04/04/02,"7,253.50"
03/04/02,"7,191.94"
02/04/02,"7,316.69"
01/04/02,"7,371.89"
27/03/02,"7,361.86"
26/03/02,"7,351.19"
25/03/02,"7,381.57"
22/03/02,"7,439.50"
20/03/02,"7,384.13"
19/03/02,"7,427.92"
18/03/02,"7,344.57"
15/03/02,"7,273.08"
14/03/02,"7,188.77"
13/03/02,"7,218.51"
12/03/02,"7,278.06"
11/03/02,"7,161.40"
08/03/02,"7,192.22"
07/03/02,"7,061.00"
06/03/02,"7,154.14"
05/03/02,"7,053.54"
04/03/02,"7,029.60"
01/03/02,"6,898.00"
28/02/02,"6,734.44"
27/02/02,"6,795.90"
26/02/02,"6,637.96"
25/02/02,"6,562.94"
22/02/02,"6,473.12"
21/02/02,"6,533.64"
20/02/02,"6,583.99"
19/02/02,"6,609.30"
18/02/02,"6,679.71"
15/02/02,"6,697.67"
14/02/02,"6,717.61"
13/02/02,"6,715.55"
12/02/02,"6,673.36"
11/02/02,"6,589.84"
08/02/02,"6,681.45"
07/02/02,"6,780.94"
06/02/02,"6,786.74"
04/02/02,"6,865.13"
01/02/02,"6,901.81"
31/01/02,"6,927.87"
30/01/02,"6,750.80"
29/01/02,"6,793.38"
28/01/02,"6,872.44"
25/01/02,"6,831.43"
24/01/02,"6,768.30"
23/01/02,"6,782.78"
22/01/02,"6,590.04"
21/01/02,"6,607.80"
18/01/02,"6,600.73"
17/01/02,"6,604.66"
16/01/02,"6,579.35"
15/01/02,"6,573.19"
14/01/02,"6,388.27"
11/01/02,"6,420.15"
10/01/02,"6,453.01"
09/01/02,"6,560.58"
08/01/02,"6,641.14"
07/01/02,"6,565.44"
04/01/02,"6,612.08"
03/01/02,"6,603.75"
02/01/02,"6,410.05"
31/12/01,"6,372.28"
28/12/01,"6,467.09"
27/12/01,"6,419.19"
26/12/01,"6,371.84"
24/12/01,"6,374.49"
21/12/01,"6,380.60"
20/12/01,"6,263.29"
19/12/01,"6,250.74"
18/12/01,"6,268.97"
17/12/01,"6,271.49"
14/12/01,"6,139.07"
13/12/01,"6,075.06"
11/12/01,"6,150.26"
10/12/01,"6,126.38"
07/12/01,"6,141.19"
06/12/01,"6,101.72"
05/12/01,"6,099.28"
04/12/01,"5,931.43"
03/12/01,"5,870.93"
30/11/01,"5,832.83"
29/11/01,"5,841.34"
28/11/01,"5,848.21"
27/11/01,"5,860.44"
26/11/01,"5,759.49"
23/11/01,"5,734.90"
22/11/01,"5,685.39"
21/11/01,"5,674.41"
19/11/01,"5,699.19"
16/11/01,"5,712.46"
15/11/01,"5,778.65"
14/11/01,"5,751.72"
13/11/01,"5,663.35"
12/11/01,"5,524.57"
09/11/01,"5,596.38"
08/11/01,"5,649.87"
07/11/01,"5,638.04"
06/11/01,"5,677.79"
05/11/01,"5,681.07"
02/11/01,"5,632.76"
01/11/01,"5,610.77"
31/10/01,"5,537.04"
30/10/01,"5,529.18"
29/10/01,"5,599.13"
26/10/01,"5,693.12"
25/10/01,"5,729.13"
24/10/01,"5,708.28"
23/10/01,"5,571.27"
22/10/01,"5,539.28"
19/10/01,"5,588.23"
18/10/01,"5,529.75"
17/10/01,"5,541.88"
16/10/01,"5,542.61"
15/10/01,"5,500.10"
12/10/01,"5,671.10"
11/10/01,"5,808.22"
10/10/01,"5,684.90"
09/10/01,"5,558.86"
08/10/01,"5,527.11"
05/10/01,"5,528.55"
04/10/01,"5,499.31"
03/10/01,"5,407.54"
02/10/01,"5,361.80"
01/10/01,"5,385.50"
28/09/01,"5,403.53"
27/09/01,"5,306.08"
26/09/01,"5,324.84"
25/09/01,"5,304.38"
24/09/01,"5,325.11"
21/09/01,"5,087.94"
20/09/01,"5,081.92"
19/09/01,"5,256.00"
18/09/01,"5,297.86"
17/09/01,"5,316.77"
13/09/01,"5,531.02"
10/09/01,"5,856.19"
07/09/01,"5,844.60"
06/09/01,"5,875.86"
05/09/01,"6,088.45"
04/09/01,"6,172.25"
03/09/01,"6,233.29"
31/08/01,"6,310.70"
30/08/01,"6,310.17"
29/08/01,"6,324.91"
28/08/01,"6,302.69"
27/08/01,"6,399.93"
24/08/01,"6,416.77"
23/08/01,"6,294.29"
22/08/01,"6,333.14"
21/08/01,"6,276.09"
20/08/01,"6,245.42"
17/08/01,"6,218.46"
16/08/01,"6,445.15"
15/08/01,"6,542.15"
14/08/01,"6,671.24"
13/08/01,"6,655.11"
10/08/01,"6,628.49"
09/08/01,"6,599.61"
08/08/01,"6,651.44"
07/08/01,"6,638.84"
06/08/01,"6,633.94"
03/08/01,"6,702.93"
02/08/01,"6,707.91"
01/08/01,"6,573.10"
31/07/01,"6,474.40"
30/07/01,"6,538.28"
27/07/01,"6,522.20"
26/07/01,"6,502.69"
25/07/01,"6,411.53"
24/07/01,"6,377.81"
23/07/01,"6,422.71"
20/07/01,"6,389.27"
19/07/01,"6,418.84"
18/07/01,"6,388.26"
17/07/01,"6,395.43"
16/07/01,"6,377.31"
13/07/01,"6,452.12"
12/07/01,"6,470.88"
11/07/01,"6,564.14"
10/07/01,"6,713.04"
09/07/01,"6,709.13"
06/07/01,"6,715.81"
05/07/01,"6,814.62"
04/07/01,"6,868.89"
03/07/01,"6,840.74"
02/07/01,"6,797.11"
29/06/01,"6,666.17"
28/06/01,"6,607.20"
27/06/01,"6,587.68"
26/06/01,"6,582.17"
25/06/01,"6,562.66"
22/06/01,"6,539.65"
21/06/01,"6,543.39"
20/06/01,"6,455.15"
19/06/01,"6,359.06"
18/06/01,"6,489.56"
15/06/01,"6,670.72"
14/06/01,"6,749.80"
13/06/01,"6,802.37"
12/06/01,"6,796.82"
11/06/01,"6,731.29"
08/06/01,"6,783.72"
07/06/01,"6,840.63"
06/06/01,"6,790.98"
05/06/01,"6,672.35"
04/06/01,"6,631.75"
01/06/01,"6,619.66"
31/05/01,"6,595.39"
30/05/01,"6,586.93"
29/05/01,"6,665.54"
28/05/01,"6,700.33"
25/05/01,"6,711.34"
24/05/01,"6,714.47"
23/05/01,"6,782.51"
22/05/01,"6,651.27"
21/05/01,"6,571.08"
18/05/01,"6,527.60"
17/05/01,"6,392.77"
16/05/01,"6,033.97"
15/05/01,"5,987.00"
14/05/01,"6,042.03"
11/05/01,"6,110.36"
10/05/01,"6,092.07"
09/05/01,"6,106.42"
08/05/01,"6,010.52"
07/05/01,"6,065.58"
04/05/01,"6,129.51"
03/05/01,"6,139.62"
02/05/01,"6,109.20"
30/04/01,"5,987.25"
27/04/01,"6,008.03"
26/04/01,"6,007.10"
25/04/01,"5,933.71"
24/04/01,"5,887.04"
23/04/01,"5,885.60"
20/04/01,"5,950.79"
19/04/01,"6,029.06"
18/04/01,"6,143.86"
17/04/01,"6,068.90"
16/04/01,"5,951.70"
11/04/01,"6,002.90"
10/04/01,"5,968.66"
09/04/01,"5,756.36"
06/04/01,"5,695.26"
05/04/01,"5,699.34"
04/04/01,"5,573.72"
03/04/01,"5,575.05"
02/04/01,"5,694.07"
30/03/01,"5,727.89"
29/03/01,"5,648.62"
28/03/01,"5,700.37"
27/03/01,"5,787.48"
26/03/01,"5,647.18"
23/03/01,"5,618.67"
22/03/01,"5,636.48"
20/03/01,"5,769.67"
19/03/01,"5,935.22"
16/03/01,"5,878.57"
15/03/01,"5,792.71"
14/03/01,"5,813.84"
13/03/01,"5,991.95"
12/03/01,"5,963.37"
09/03/01,"6,270.96"
08/03/01,"6,361.07"
07/03/01,"6,331.32"
06/03/01,"6,252.95"
05/03/01,"6,110.14"
02/03/01,"6,133.34"
01/03/01,"6,080.65"
28/02/01,"6,032.10"
27/02/01,"6,065.15"
26/02/01,"6,058.02"
23/02/01,"5,998.69"
22/02/01,"6,030.76"
21/02/01,"6,007.67"
20/02/01,"6,246.36"
19/02/01,"6,369.51"
16/02/01,"6,368.49"
15/02/01,"6,395.19"
14/02/01,"6,360.09"
13/02/01,"6,361.32"
12/02/01,"6,430.73"
09/02/01,"6,344.16"
08/02/01,"6,330.97"
07/02/01,"6,350.35"
06/02/01,"6,447.10"
02/02/01,"6,522.23"
01/02/01,"6,540.88"
31/01/01,"6,496.89"
30/01/01,"6,518.58"
29/01/01,"6,419.78"
26/01/01,"6,418.64"
25/01/01,"6,281.00"
24/01/01,"6,311.85"
23/01/01,"6,377.94"
22/01/01,"6,271.07"
19/01/01,"6,267.49"
18/01/01,"6,194.30"
17/01/01,"6,078.25"
16/01/01,"6,002.65"
15/01/01,"5,998.02"
12/01/01,"5,966.60"
11/01/01,"5,966.80"
10/01/01,"5,814.98"
09/01/01,"5,909.53"
08/01/01,"5,916.06"
05/01/01,"5,924.33"
04/01/01,"6,048.34"
03/01/01,"5,857.45"
02/01/01,"5,556.71"
